ACCIDENT_YEAR,COLLISION_DATE,COLLISION_TIME,MONTH,SEASON,24HOURS,DAY_OF_WEEK,INTERSECTION,WEATHER_1,STATE_HWY_IND,ROAD_SURFACE,ROAD_COND_1,LIGHTING,STWD_VEHTYPE_AT_FAULT,CHP_VEHTYPE_AT_FAULT,DIRECTION,PCF_VIOL_CATEGORY,TYPE_OF_COLLISION,PEDESTRIAN_ACCIDENT,BICYCLE_ACCIDENT,MOTORCYCLE_ACCIDENT,TRUCK_ACCIDENT,MVIW,TOW_AWAY,HIT_AND_RUN,CONTROL_DEVICE,NUMBER_INJURED,COUNT_PED_INJURED,COUNT_BICYCLIST_INJURED,COUNT_MC_INJURED,PCF_VIOLATION,PARTY_COUNT,POINT_Y,POINT_X,COLLISION_SEVERITY
2011,2011-04-09,950,4,1,9,6,Y,B,Y,A,H,A,E,22,,03,C,,,,,C,Y,N,D,1,0,0,0,22350.0,3,37.43193512,-120.09857276,1
2011,2011-01-04,1820,1,4,18,2,N,A,Y,A,C,D,-,- ,E,18,H,,,,,A,N,N,D,1,0,0,0,,1,37.66313012,-119.86582765,4
2011,2011-01-30,825,1,4,8,7,N,C,Y,B,H,A,A,07,S,03,E,,,,,I,Y,N,D,1,0,0,0,22350.0,1,37.46266331,-119.89715564,4
2011,2011-01-19,1525,1,4,15,3,Y,B,Y,A,H,A,A,01,,09,D,,,,,C,Y,N,A,1,0,0,0,21802.0,2,37.49289514,-119.97471515,3
2011,2011-01-07,1740,1,4,17,5,N,A,N,A,H,D,A,01,N,08,F,,,,,I,Y,N,D,2,0,0,0,22107.0,1,37.52637028,-119.94308303,2
2011,2011-01-05,2500,1,4,25,3,N,A,N,C,H,D,A,01,S,03,E,,,,,I,N,N,D,1,0,0,0,22350.0,1,37.515927,-119.83355274,4
2011,2011-01-06,1745,1,4,17,4,N,B,Y,B,H,D,A,01,W,08,E,,,,,I,Y,N,D,2,0,0,0,22107.0,1,37.4792983,-120.03038856,3
2011,2011-01-05,825,1,4,8,3,N,A,Y,A,H,A,A,01,W,08,E,,,,,I,Y,N,D,1,0,0,0,22107.0,1,37.47817467,-120.05976841,2
2011,2011-01-09,620,1,4,6,7,N,B,Y,C,G,D,-,- ,W,18,E,,,,,I,Y,N,D,1,0,0,0,,1,37.54005514,-119.91762274,4
2011,2011-01-18,1520,1,4,15,2,Y,B,Y,A,H,A,A,07,,03,C,,,,,C,Y,N,D,2,0,0,0,22350.0,3,37.46350018,-119.8920941,4
2011,2011-01-10,1400,1,4,14,1,Y,B,Y,A,H,A,-,99,,10,G,Y,,,,B,N,F,D,1,1,0,0,21950.0,2,37.48560514,-119.96605274,4
2011,2011-01-16,1250,1,4,12,7,N,A,N,A,B,A,A,07,W,03,E,,,,,I,Y,N,D,3,0,0,0,22350.0,1,37.75134336,-120.11704663,3
2011,2011-02-07,1300,2,4,13,1,N,A,Y,A,H,A,A,07,W,03,C,,,,,C,N,N,A,1,0,0,0,22350.0,2,37.48942204,-119.97018592,4
2011,2011-01-31,1845,1,4,18,1,N,B,N,A,H,D,D,22,W,03,E,,,,,I,Y,N,D,3,0,0,0,22350.0,1,37.50438322,-120.11828025,3
2011,2011-02-13,1915,2,4,19,7,N,A,N,A,H,D,A,01,W,08,F,,,,,A,Y,F,D,1,0,0,0,22107.0,1,37.52123824,-119.91664412,4
2011,2011-03-19,1501,3,1,15,6,N,B,N,B,H,A,A,01,N,08,E,,,,,I,Y,N,D,1,0,0,0,22107.0,1,37.76862702,-120.10611802,3
2011,2011-03-30,10,3,1,0,3,N,A,N,A,H,D,D,22,E,01,E,,,,,I,Y,N,A,1,0,0,0,23152.0,1,37.49440034,-119.92429316,4
2011,2011-03-23,1655,3,1,16,3,N,B,Y,C,H,B,A,07,E,03,E,,,,,I,Y,N,D,1,0,0,0,22350.0,1,37.53181514,-119.92020274,4
2011,2011-03-16,2120,3,1,21,3,N,A,Y,A,H,D,A,01,W,01,E,,,,,I,Y,N,D,1,0,0,0,23152.0,1,37.66950047,-119.90273416,3
2011,2011-03-11,1840,3,1,18,5,N,A,N,A,H,D,-,- ,E,00,F,,,Y,,A,N,N,D,1,0,0,1,,1,37.46864806,-119.90052648,3
2011,2011-03-23,1650,3,1,16,3,N,C,Y,C,H,A,A,01,W,03,E,,,,,I,Y,N,D,2,0,0,0,22350.0,1,37.52070188,-119.94152766,4
2011,2011-03-23,1650,3,1,16,3,N,D,Y,C,H,A,A,01,W,03,E,,,,,I,Y,N,D,1,0,0,0,22350.0,1,37.51974514,-119.94975077,3
2011,2011-05-22,1545,5,1,15,7,N,A,Y,A,H,A,C,02,W,05,B,,,Y,,C,Y,N,D,2,0,0,2,21460.0,2,37.60079152,-119.96158783,2
2011,2011-05-17,820,5,1,8,2,N,B,Y,A,H,A,A,01,E,03,E,,,,,I,Y,N,D,1,0,0,0,22350.0,1,37.43386556,-120.09577148,3
2011,2011-05-14,1225,5,1,12,6,N,A,Y,A,H,A,A,01,W,08,E,,,,,I,Y,N,D,2,0,0,0,22107.0,1,37.47751813,-120.05799978,3
2011,2011-05-08,1135,5,1,11,7,N,A,Y,A,H,A,A,01,S,08,E,,,,,I,Y,N,D,1,0,0,0,22107.0,1,37.47168514,-119.95253274,4
2011,2011-05-10,1435,5,1,14,2,N,A,Y,A,H,A,A,07,E,21,D,,,,,C,Y,N,D,3,0,0,0,22106.0,2,37.48624514,-119.96671274,3
2011,2011-05-29,1145,5,1,11,7,N,A,N,A,H,A,C,02,S,08,F,,,Y,,A,Y,N,D,1,0,0,1,22107.0,1,37.40677859,-119.96454982,4
2011,2011-05-27,1215,5,1,12,5,N,A,Y,A,H,A,C,02,N,08,F,,,Y,,A,Y,N,D,1,0,0,1,22107.0,1,37.67758514,-120.1600228,2
2011,2011-06-02,935,6,2,9,4,N,A,Y,A,H,A,C,02,N,08,F,,,Y,,A,N,N,D,3,0,0,3,22107.0,2,37.67768928,-120.16156359,2
2011,2011-06-26,530,6,2,5,7,N,A,N,A,H,B,M,47,N,03,C,,,,,C,Y,F,D,2,0,0,0,22350.0,2,37.58330562,-120.14399401,3
2011,2011-06-20,1445,6,2,14,1,N,A,Y,A,H,A,A,01,E,08,F,,,,,A,Y,N,D,1,0,0,0,22107.0,1,37.34788001,-120.20771306,4
2011,2011-06-21,2235,6,2,22,2,N,A,Y,A,H,C,A,01,W,08,E,,,,,I,Y,N,D,1,0,0,0,22107.0,1,37.5023287,-119.96801254,3
2011,2011-07-02,1245,7,2,12,6,N,A,Y,A,H,A,A,01,W,01,E,,,,,I,Y,N,D,1,0,0,0,23152.0,1,37.60074515,-119.96229276,3
2011,2011-07-05,1445,7,2,14,2,N,A,Y,A,H,A,A,01,W,05,A,,,,,C,Y,N,D,6,0,0,0,21460.0,2,37.81885953,-120.07506262,2
2011,2011-07-02,2156,7,2,21,6,N,A,N,A,H,D,D,22,S,01,E,,,,,I,Y,N,D,1,0,0,0,23152.0,1,37.46961263,-120.00356335,3
2011,2011-06-18,1010,6,2,10,6,N,A,Y,A,H,A,C,02,N,08,E,,,Y,,I,Y,N,D,1,0,0,1,22107.0,1,37.67758514,-120.1600228,4
2011,2011-07-27,1145,7,2,11,3,N,A,N,A,H,A,A,07,W,05,D,,,,,C,Y,N,D,1,0,0,0,21460.0,2,37.50483844,-119.84636933,4
2011,2011-08-09,725,8,2,7,2,Y,A,Y,A,H,A,D,22,,09,D,,,,,C,Y,N,A,2,0,0,0,21802.0,2,37.46522773,-119.94941601,3
2011,2011-07-03,30,7,2,0,7,N,A,Y,A,H,D,A,01,W,01,E,,,,,I,Y,N,D,1,0,0,0,23152.0,1,37.37231036,-120.17025235,2
2011,2011-07-22,950,7,2,9,5,N,A,N,A,H,A,A,07,N,01,E,,,,,I,Y,N,D,1,0,0,0,23152.0,1,37.48392322,-119.81169979,3
2011,2011-07-24,1345,7,2,13,7,N,A,Y,A,H,A,C,02,S,03,F,,,Y,,A,Y,N,D,1,0,0,1,22350.0,1,37.60314513,-120.13262278,3
2011,2011-07-25,1600,7,2,16,1,N,A,Y,A,H,A,A,01,W,06,A,,,,,C,Y,N,D,3,0,0,0,21751.0,2,37.66267885,-119.90116363,2
2011,2011-08-10,100,8,2,1,3,N,A,N,A,H,D,-,99,N,08,G,Y,,,,B,N,F,D,1,1,0,0,22107.0,2,37.49618377,-119.97335804,3
2011,2011-08-19,845,8,2,8,5,N,A,Y,A,H,A,A,01,W,08,E,,,,,I,Y,N,D,1,0,0,0,22107.0,1,37.44199223,-120.08141053,4
2011,2011-08-25,1330,8,2,13,4,N,A,Y,A,H,A,A,07,W,08,E,,,,,I,Y,N,D,1,0,0,0,22107.0,1,37.6060675,-119.96540353,3
2011,2011-08-17,2033,8,2,20,3,N,A,Y,A,H,D,A,01,N,01,E,,,,,I,Y,N,D,1,0,0,0,23152.0,1,37.4594317,-119.93510297,3
2011,2011-07-30,1410,7,2,14,6,N,A,Y,A,H,A,A,01,E,03,E,,,,,I,Y,N,D,4,0,0,0,22350.0,1,37.50664389,-119.96606341,3
2011,2011-08-13,1043,8,2,10,6,N,A,Y,A,H,A,A,01,W,09,A,,,,,C,Y,N,D,2,0,0,0,21801.0,2,37.41786766,-120.11498944,1
2011,2011-11-01,1545,11,3,15,2,N,A,Y,A,H,A,A,07,E,01,A,,,Y,,C,Y,N,D,0,0,0,0,23152.0,2,37.5471014,-119.92105571,1
2011,2011-08-11,2020,8,2,20,4,N,A,N,A,H,B,-,- ,E,- ,H,,Y,,,H,N,N,D,1,0,1,0,,1,37.49019,-119.96592,3
2011,2011-09-02,1925,9,3,19,5,N,A,N,A,H,B,D,22,E,01,F,,,,,A,Y,N,D,1,0,0,0,23152.0,1,37.50554136,-119.89315285,3
2011,2011-08-26,1225,8,2,12,5,N,A,Y,A,H,A,C,02,N,03,F,,,Y,,A,N,N,D,4,0,0,4,22350.0,2,37.67768928,-120.16156359,3
2011,2011-08-27,145,8,2,1,6,N,A,Y,A,H,C,C,02,N,01,F,,,Y,,A,N,N,D,1,0,0,1,23152.0,1,37.49810834,-119.98366803,3
2011,2011-08-30,2155,8,2,21,2,N,A,Y,A,H,D,-,- ,E,18,H,,,Y,,H,Y,N,D,1,0,0,1,,1,37.43572174,-120.09171379,2
2011,2011-09-03,2100,9,3,21,6,N,A,Y,A,H,D,C,02,W,08,F,,,Y,,A,N,N,D,1,0,0,1,22107.0,1,37.67878992,-120.36237103,2
2011,2011-09-02,1110,9,3,11,5,N,A,Y,A,H,A,C,02,N,08,F,,,Y,,A,Y,N,D,1,0,0,1,22107.0,1,37.67768928,-120.16156359,3
2011,2011-09-22,1749,9,3,17,4,N,A,Y,A,H,A,A,01,S,08,F,,,,,A,Y,N,D,1,0,0,0,22107.0,1,37.48243521,-119.96289352,4
2011,2011-09-17,220,9,3,2,6,N,A,N,A,H,D,D,22,N,01,E,,,,,I,Y,N,D,2,0,0,0,23152.0,1,37.48108232,-119.8122424,3
2011,2011-10-14,755,10,3,7,5,N,A,Y,A,H,A,D,22,S,03,C,,,,,C,Y,N,D,2,0,0,0,22350.0,2,37.45981627,-119.93361596,3
2011,2011-10-13,1210,10,3,12,4,Y,A,Y,A,H,A,A,01,,09,A,,,,,C,Y,N,D,3,0,0,0,21801.0,2,37.49594827,-119.98025145,4
2011,2011-09-03,1650,9,3,16,6,N,A,Y,A,H,A,-,- ,S,18,F,,,Y,,A,Y,N,D,1,0,0,1,,1,37.6919403,-120.18080937,3
2011,2011-09-09,1550,9,3,15,5,N,B,Y,A,H,A,C,02,N,05,E,,,Y,,I,Y,N,D,1,0,0,1,21650.0,1,37.67679424,-120.15897061,3
2011,2011-09-03,1035,9,3,10,6,N,A,Y,A,H,A,C,02,W,08,F,,,Y,,A,Y,N,D,2,0,0,2,22107.0,1,37.70612946,-120.22714267,3
2011,2011-09-28,1455,9,3,14,3,N,A,Y,A,H,A,A,01,S,08,F,,,,,A,Y,N,D,1,0,0,0,22107.0,1,37.45586953,-119.81268898,2
2011,2011-10-06,755,10,3,7,4,N,B,Y,A,H,A,A,07,S,03,C,,,,,C,N,N,A,2,0,0,0,22350.0,2,37.48315513,-119.96383274,4
2011,2011-10-09,1914,10,3,19,7,N,A,Y,A,H,D,A,01,W,01,B,,,,,C,Y,N,D,3,0,0,0,23152.0,2,37.41239101,-120.121422,3
2011,2011-10-23,1545,10,3,15,7,N,A,Y,A,H,A,C,02,S,08,F,,,Y,,A,Y,N,D,2,0,0,2,22107.0,1,37.67866497,-120.16431854,3
2011,2011-11-01,1958,11,3,19,2,N,A,Y,A,H,D,A,07,W,01,E,,,,,I,Y,N,D,2,0,0,0,23152.0,1,37.47603513,-120.05390276,3
2011,2011-11-11,1522,11,3,15,5,N,B,Y,B,H,A,A,01,W,03,E,,,,,I,Y,N,D,1,0,0,0,22350.0,1,37.67388463,-119.83304953,3
2011,2011-11-14,100,11,3,1,1,N,A,N,A,H,D,A,01,W,08,E,,,,,I,Y,N,D,1,0,0,0,22107.0,1,37.54169448,-119.99243298,3
2011,2011-11-12,825,11,3,8,6,N,B,Y,B,H,A,A,01,E,03,F,,,,,A,Y,N,D,1,0,0,0,22350.0,1,37.5857641,-119.96338491,3
2011,2011-10-27,1320,10,3,13,4,N,A,Y,A,H,A,A,01,W,08,E,,,,,I,Y,N,D,1,0,0,0,22107.0,1,37.44011628,-120.08450323,4
2012,2012-01-14,1820,1,4,18,6,N,A,Y,A,H,D,D,22,W,01,A,,,,,C,Y,N,D,2,0,0,0,23152.0,2,37.35957445,-120.18450412,1
2011,2011-10-01,1210,10,3,12,6,N,A,Y,A,H,A,C,02,S,17,F,,,Y,,A,Y,N,D,1,0,0,1,21662.0,1,37.47110954,-119.64227718,4
2011,2011-12-01,2130,12,4,21,4,Y,A,N,A,H,D,D,22,,01,E,,,,,I,Y,N,D,1,0,0,0,23152.0,1,37.72265,-120.33214,2
2011,2011-09-23,230,9,3,2,5,N,A,N,A,H,D,A,01,N,08,E,,,,,I,Y,N,D,1,0,0,0,22107.0,1,37.55298711,-120.32548785,4
2011,2011-11-27,1430,11,3,14,7,N,A,N,A,H,A,A,01,N,01,E,,,,,I,Y,N,D,1,0,0,0,23152.0,1,37.43757173,-120.10098022,3
2011,2011-12-10,2105,12,4,21,6,N,A,Y,A,H,D,A,01,S,08,D,,,,,C,Y,N,D,2,0,0,0,22107.0,2,37.45981627,-119.93361596,4
2011,2011-12-02,2345,12,4,23,5,N,A,N,A,H,D,A,07,N,01,E,,,,,I,Y,N,D,1,0,0,0,23152.0,1,37.42721661,-119.88016347,3
2011,2011-12-16,2040,12,4,20,5,N,A,N,A,H,D,A,01,W,08,E,,,,,I,Y,N,D,1,0,0,0,22107.0,1,37.5166753,-119.83545145,2
2011,2011-12-09,1105,12,4,11,5,N,A,Y,A,H,A,-,- ,S,18,E,,Y,,,I,N,N,D,1,0,1,0,,1,37.51114817,-120.02883456,2
2011,2011-12-16,620,12,4,6,5,N,A,N,C,H,D,A,07,W,03,E,,,,,I,Y,N,D,2,0,0,0,22350.0,1,37.75134336,-120.11704663,3
2012,2012-01-04,1417,1,4,14,3,Y,A,Y,A,H,A,A,01,,09,D,,,,,C,Y,N,D,1,0,0,0,21801.0,2,37.4625702,-119.89744614,3
2012,2012-01-03,1720,1,4,17,2,Y,A,Y,A,H,B,A,01,,09,D,,,,,C,Y,N,D,2,0,0,0,21801.0,2,37.46622321,-119.94934274,4
2012,2012-01-27,500,1,4,5,5,N,B,N,A,H,D,D,22,S,08,E,,,,,I,Y,N,D,1,0,0,0,22107.0,1,37.49519947,-119.90834225,3
2012,2012-01-21,1700,1,4,17,6,N,B,N,B,H,B,A,01,N,08,E,,,,,I,Y,N,D,1,0,0,0,22107.0,1,,,3
2012,2012-01-19,2229,1,4,22,4,N,C,Y,B,H,D,A,07,E,08,E,,,,,I,Y,N,D,2,0,0,0,22107.0,1,37.58573322,-119.96321031,3
2012,2012-01-24,1800,1,4,18,2,N,B,N,A,H,D,A,01,S,08,E,,,,,I,Y,N,D,1,0,0,0,22107.0,1,37.46178132,-119.8580423,3
2012,2012-01-01,330,1,4,3,7,N,A,Y,A,H,D,A,01,W,08,E,,,,,I,Y,N,D,1,0,0,0,22107.0,1,37.44113469,-120.08303568,4
2012,2012-01-11,2000,1,4,20,3,N,A,Y,A,H,D,A,01,S,08,F,,,,,A,Y,N,D,1,0,0,0,22107.0,1,37.48005681,-119.95935588,3
2012,2012-01-17,845,1,4,8,2,Y,A,Y,A,H,A,A,01,,09,D,,,,,C,Y,N,A,1,0,0,0,21802.0,2,37.47229514,-119.95310274,4
2012,2012-01-13,738,1,4,7,5,N,A,Y,A,H,A,A,01,E,08,E,,,,,I,Y,N,D,2,0,0,0,22107.0,2,37.47879631,-120.06155447,2
2012,2012-03-14,2045,3,1,20,3,N,A,Y,A,H,D,A,01,S,08,E,,,,,I,Y,N,D,1,0,0,0,22107.0,1,37.47063496,-119.64282176,3
2012,2012-02-24,1440,2,4,14,5,N,A,N,A,H,A,C,02,E,08,E,,,Y,,I,N,N,D,1,0,0,1,22107.0,1,37.71832629,-120.18852986,2
2012,2012-03-11,1110,3,1,11,7,N,A,Y,A,H,A,C,02,S,08,E,,,Y,,I,N,N,D,1,0,0,1,22107.0,1,37.51061331,-120.03049705,4
2012,2012-02-15,1005,2,4,10,3,N,B,Y,C,H,A,A,01,E,03,E,,,,,I,Y,N,D,1,0,0,0,22350.0,1,37.52123403,-119.93950446,4
2012,2012-05-13,815,5,1,8,7,N,A,N,A,H,A,L,04,E,03,H,,Y,,,G,N,N,D,2,0,2,0,22350.0,4,37.47579921,-119.87140939,1
2012,2012-02-25,15,2,4,0,6,N,A,Y,A,H,D,A,01,E,05,A,,,,,C,Y,N,-,1,0,0,0,21460.0,2,37.48503649,-120.0021464,1
2012,2012-05-25,15,5,1,0,5,N,A,Y,A,H,D,A,01,E,05,A,,,,,C,Y,N,-,2,0,0,0,21460.0,2,37.48503649,-120.0021464,2
2012,2012-04-03,737,4,1,7,2,N,A,Y,A,H,A,F,27,W,03,F,,,,Y,A,Y,N,D,1,0,0,0,22350.0,1,,,3
2012,2012-04-04,1435,4,1,14,3,N,B,Y,A,H,A,A,01,W,10,G,Y,,,,B,N,N,A,1,1,0,0,21950.0,2,37.48426514,-119.96481274,3
2012,2012-03-25,1400,3,1,14,7,N,B,Y,B,H,A,A,01,E,16,E,,,,,I,Y,N,D,5,0,0,0,27465.0,1,37.61516829,-119.95741781,2
2012,2012-04-21,1025,4,1,10,6,N,A,Y,A,H,A,C,02,N,08,E,,,Y,,I,N,N,D,1,0,0,1,22107.0,1,37.67786514,-120.1592928,2
2012,2012-04-10,1110,4,1,11,2,N,A,Y,A,H,A,C,02,N,08,F,,,Y,,A,Y,N,D,1,0,0,1,22107.0,1,37.59924478,-120.12583339,3
2012,2012-04-16,1420,4,1,14,1,N,A,Y,A,H,A,C,02,E,03,F,,,Y,,A,Y,N,D,1,0,0,1,22350.0,1,37.59005323,-119.96497721,3
2012,2012-04-21,1710,4,1,17,6,N,A,Y,A,H,A,C,02,E,08,F,,,Y,,A,Y,N,D,1,0,0,1,22107.0,1,37.66733806,-119.92410378,3
2012,2012-04-24,1645,4,1,16,2,N,A,Y,A,H,A,A,01,W,08,E,,,,,I,Y,N,D,1,0,0,0,22107.0,1,37.46223513,-120.07075276,4
2012,2012-04-22,1330,4,1,13,7,N,A,Y,A,H,A,N,60,N,11,-,Y,,Y,,-,Y,N,-,2,1,0,1,21954.0,2,37.67750343,-120.16018736,2
2012,2012-04-22,1328,4,1,13,7,N,A,Y,A,H,A,C,02,N,08,E,,,Y,,I,Y,N,D,1,0,0,1,22107.0,1,37.67758514,-120.1600228,3
2012,2012-05-05,130,5,1,1,6,N,A,N,A,H,D,D,22,S,01,F,,,,,A,Y,N,D,1,0,0,0,23152.0,1,37.4700208,-119.77002492,3
2012,2012-05-15,1810,5,1,18,2,N,A,Y,A,H,A,C,02,E,07,B,,,Y,,C,N,N,D,2,0,0,2,21658.0,2,,,3
2012,2012-05-07,830,5,1,8,1,N,A,N,A,H,A,A,01,W,01,E,,,,,I,Y,N,D,1,0,0,0,23152.0,1,37.51370577,-119.84123679,2
2012,2012-05-12,1000,5,1,10,6,N,A,Y,A,H,A,C,02,S,04,F,,,Y,,A,N,N,D,1,0,0,1,21703.0,2,37.47168514,-119.95253274,3
2012,2012-06-23,1113,6,2,11,6,N,A,N,A,H,A,A,01,N,01,E,,,,,I,Y,N,D,0,0,0,0,23152.0,1,37.75738313,-120.10566115,1
2012,2012-12-30,2500,12,4,25,7,N,A,Y,A,H,D,A,01,W,08,F,,,,,A,Y,N,D,0,0,0,0,22107.0,1,37.65948867,-119.85606883,1
2012,2012-05-17,115,5,1,1,4,N,A,Y,A,H,D,A,07,N,01,E,,,,,I,Y,N,D,1,0,0,0,23152.0,1,37.47258244,-119.63970189,3
2012,2012-06-05,1649,6,2,16,2,N,A,N,A,H,A,A,01,S,09,D,,,,,C,Y,N,D,2,0,0,0,21804.0,2,37.45833816,-119.94833317,3
2012,2012-06-19,1445,6,2,14,2,Y,A,Y,A,H,A,A,07,,03,C,,,,,C,Y,N,D,1,0,0,0,22350.0,2,37.48720988,-119.96779754,3
2012,2012-06-14,1715,6,2,17,4,Y,A,Y,A,H,A,A,07,,09,D,,,,,D,Y,N,A,2,0,0,0,21802.0,2,37.49244513,-119.97237275,4
2012,2012-06-10,2500,6,2,25,7,N,A,N,A,H,D,A,01,S,01,E,,,,,I,Y,N,D,1,0,0,0,23152.0,1,37.57148764,-120.31254958,3
2012,2012-05-29,1235,5,1,12,2,N,A,N,A,D,A,C,02,W,08,F,,,Y,,A,N,N,D,1,0,0,1,22107.0,1,37.56529374,-119.95044895,3
2012,2012-05-30,832,5,1,8,3,N,A,Y,A,H,A,-,- ,E,18,F,,,Y,,A,N,N,D,1,0,0,1,,1,37.5577012,-119.93248665,3
2012,2012-06-26,820,6,2,8,2,N,A,N,A,H,A,C,02,S,03,F,,,Y,,A,Y,N,D,1,0,0,1,22350.0,1,37.49653177,-119.81091315,2
2012,2012-07-09,1220,7,2,12,1,N,A,N,A,H,A,A,01,E,01,E,,,,,I,N,N,D,1,0,0,0,23152.0,1,37.75138875,-120.11775436,3
2012,2012-07-05,1150,7,2,11,4,N,A,N,A,H,A,A,07,N,03,E,,,,,I,Y,N,D,1,0,0,0,22350.0,1,,,3
2012,2012-07-13,840,7,2,8,5,N,A,N,A,H,A,-,- ,S,18,E,,,,,I,Y,N,D,1,0,0,0,,1,37.41623846,-120.10104311,3
2012,2012-07-22,1730,7,2,17,7,N,A,N,A,H,A,C,02,S,08,F,,,Y,,A,Y,N,D,1,0,0,1,22107.0,1,37.49149756,-120.14357829,2
2012,2012-07-14,1825,7,2,18,6,N,A,N,A,H,A,-,- ,S,18,H,,,Y,,H,N,N,D,1,0,0,1,,1,37.50911944,-119.91479362,3
2012,2012-07-23,1600,7,2,16,1,N,A,N,A,H,A,A,07,W,08,E,,,,,I,Y,N,D,1,0,0,0,22107.0,1,37.72316244,-120.31806886,4
2012,2012-07-23,1610,7,2,16,1,N,A,N,A,H,A,A,01,W,08,E,,,,,I,Y,N,D,2,0,0,0,22107.0,1,37.63184434,-120.31111479,2
2012,2012-07-23,2020,7,2,20,1,Y,A,Y,A,H,B,A,08,,06,C,,,,,C,Y,N,D,3,0,0,0,21750.0,2,37.45840514,-119.86977273,2
2012,2012-08-02,230,8,2,2,4,N,A,N,A,H,D,A,07,N,01,E,,,,,I,N,N,D,2,0,0,0,23152.0,1,37.60360613,-120.16698225,3
2012,2012-07-28,430,7,2,4,6,N,A,N,A,H,D,D,22,S,08,E,,,,,I,N,N,D,4,0,0,0,22107.0,1,37.7286127,-120.00279907,3
2012,2012-09-23,1110,9,3,11,7,N,A,N,A,H,A,A,01,N,01,E,,,,,I,N,N,D,1,0,0,0,23152.0,1,37.46778822,-119.824078,3
2012,2012-07-28,2130,7,2,21,6,N,A,N,A,H,D,A,01,N,08,E,,,,,I,Y,N,D,1,0,0,0,22107.0,1,37.76676637,-120.10666934,3
2012,2012-08-25,150,8,2,1,6,N,A,Y,A,H,D,D,22,N,01,F,,,,,A,Y,N,D,1,0,0,0,23152.0,1,37.44778526,-119.75311841,4
2012,2012-09-11,730,9,3,7,2,N,A,N,A,H,A,A,01,E,08,F,,,,,A,Y,N,D,1,0,0,0,22107.0,1,37.7205279,-120.18651874,3
2012,2012-09-16,910,9,3,9,7,N,A,N,A,H,A,D,22,W,01,F,,,,,A,Y,N,D,1,0,0,0,23152.0,1,37.48763022,-119.86029116,4
2012,2012-09-07,1448,9,3,14,5,N,A,Y,A,H,A,C,02,W,05,B,,,Y,,C,N,N,D,1,0,0,1,21460.0,2,37.50614431,-120.04148084,3
2012,2012-09-04,1640,9,3,16,2,N,A,Y,A,H,A,M,47,E,05,B,,,,,C,N,N,D,1,0,0,0,21460.0,2,37.65101368,-119.91584279,3
2012,2012-10-04,1215,10,3,12,4,Y,A,N,A,H,A,D,22,,09,D,,,Y,,C,Y,N,D,1,0,0,1,21801.0,2,37.46545502,-119.8859727,3
2012,2012-08-12,1245,8,2,12,7,N,A,Y,A,H,A,A,01,S,03,E,,,,,I,Y,N,D,1,0,0,0,22350.0,1,37.47115307,-119.64226542,4
2012,2012-08-31,1330,8,2,13,5,N,A,Y,A,H,A,A,07,W,08,F,,,,,A,Y,N,D,1,0,0,0,22107.0,1,37.6688509,-119.91655433,3
2012,2012-10-12,100,10,3,1,5,N,C,N,B,H,D,D,22,E,08,E,,,,,I,Y,N,D,1,0,0,0,22107.0,1,37.49866005,-119.90803375,4
2012,2012-10-16,1535,10,3,15,2,N,A,N,A,H,A,D,22,W,01,E,,,,,I,Y,N,D,1,0,0,0,23152.0,1,37.4862714,-119.86082755,2
2012,2012-10-18,110,10,3,1,4,N,A,Y,A,D,D,D,22,E,08,E,,,,,I,Y,N,D,1,0,0,0,22107.0,1,37.34538175,-120.21324674,3
2012,2012-09-27,450,9,3,4,4,N,A,Y,A,H,C,-,- ,S,18,H,,,,,H,Y,N,D,1,0,0,0,,1,37.45687876,-119.9057987,4
2012,2012-10-09,2200,10,3,22,2,N,A,N,A,H,D,A,01,W,03,E,,,,,I,Y,N,D,1,0,0,0,22350.0,1,37.4255348,-120.00695188,2
2012,2012-10-12,1415,10,3,14,5,N,C,Y,B,H,A,C,02,E,03,F,,,Y,,A,Y,N,D,1,0,0,1,22350.0,1,37.51774623,-119.95610578,2
2012,2012-08-28,920,8,2,9,2,N,A,Y,A,H,A,A,01,E,05,A,,,,,C,Y,N,D,4,0,0,0,21460.0,2,37.5826423,-119.96030545,4
2012,2012-08-18,610,8,2,6,6,N,C,Y,B,H,D,A,01,E,03,E,,,,,I,Y,N,D,1,0,0,0,22350.0,1,37.65876516,-119.87872275,4
2012,2012-09-28,1330,9,3,13,5,N,A,Y,A,H,A,C,02,N,08,E,,,Y,,I,Y,N,D,2,0,0,2,22107.0,1,37.67767846,-120.15990794,3
2012,2012-09-20,2345,9,3,23,4,N,A,N,A,H,D,A,01,E,03,E,,,,,I,Y,M,D,2,0,0,0,22350.0,1,37.44781078,-119.98279322,3
2012,2012-09-25,750,9,3,7,2,N,A,N,A,H,A,A,07,S,03,F,,,,,A,Y,N,D,1,0,0,0,22350.0,1,37.45528892,-119.94641304,4
2012,2012-09-27,940,9,3,9,4,N,A,Y,A,H,A,C,02,W,03,E,,,Y,,I,N,N,D,1,0,0,1,22350.0,1,37.60196399,-119.96388061,4
2012,2012-09-09,1659,9,3,16,7,N,A,Y,A,H,A,A,01,E,03,E,,,,,I,Y,N,D,3,0,0,0,22350.0,1,37.61238633,-119.95760656,2
2012,2012-10-07,1120,10,3,11,7,N,A,N,A,H,A,C,02,N,13,H,,,Y,,A,Y,N,D,1,0,0,1,22515.0,1,37.43139775,-119.73121116,2
2012,2012-10-20,1150,10,3,11,6,N,A,Y,A,H,A,C,02,N,03,F,,,Y,,A,Y,N,D,1,0,0,1,22350.0,1,37.67664493,-120.16772796,4
2012,2012-10-20,1015,10,3,10,6,N,A,Y,A,H,A,C,02,S,03,E,,,Y,,I,N,N,D,1,0,0,1,22350.0,1,37.64883514,-120.14683279,2
2012,2012-12-04,1705,12,4,17,2,N,A,Y,A,H,C,D,22,N,10,G,Y,,,,B,N,N,A,1,1,0,0,21950.0,2,37.4888052,-119.96952576,3
2012,2012-12-17,830,12,4,8,1,N,B,Y,B,H,A,A,01,E,03,E,,,,,I,N,N,D,1,0,0,0,22350.0,1,37.53103582,-119.91974783,4
2012,2012-11-10,450,11,3,4,6,N,C,N,B,H,D,A,01,W,03,E,,,,,I,Y,N,D,1,0,0,0,22350.0,1,37.56934357,-120.14899418,3
2013,2013-05-13,1320,5,1,13,1,N,A,Y,A,H,A,C,02,N,05,D,,,Y,Y,C,Y,N,D,1,0,0,1,21460.0,2,37.4625485,-119.7758732,1
2013,2013-05-14,1533,5,1,15,2,N,A,Y,A,H,A,D,22,W,01,E,,,,,I,Y,N,D,0,0,0,0,23152.0,1,37.501361,-119.9687759,1
2013,2013-09-01,30,9,3,0,7,N,B,Y,A,H,D,D,22,W,08,E,,,,,I,Y,N,D,0,0,0,0,22107.0,1,37.4794239,-120.0300318,1
2014,2014-01-17,1712,1,4,17,5,Y,A,Y,A,H,B,A,01,,12,D,,,,Y,C,Y,N,A,2,0,0,0,22450.0,2,37.46009416,-119.9010779,1
2014,2014-01-28,1544,1,4,15,2,N,A,Y,A,H,A,A,07,W,05,A,,,,,C,Y,N,D,0,0,0,0,21460.0,2,37.5106043,-119.96378214,1
2013,2013-02-03,1025,2,4,10,7,N,A,Y,A,H,A,D,23,E,01,E,,,,,I,Y,N,D,1,0,0,0,23152.0,1,37.4481275,-120.0732483,3
2013,2013-02-22,2500,2,4,25,5,N,A,N,A,H,A,D,22,E,08,E,,,,,I,Y,N,D,1,0,0,0,22107.0,1,37.75615389,-120.10099143,4
2013,2013-02-19,1600,2,4,16,2,N,B,Y,C,H,A,H,13,S,03,F,,,,,A,Y,N,D,6,0,0,0,22350.0,1,37.6771354,-120.1682704,2
2012,2012-12-04,2035,12,4,20,2,N,B,Y,A,H,D,A,01,E,03,E,,,,,I,Y,N,D,1,0,0,0,22350.0,1,37.50100966,-119.97151228,3
2012,2012-12-21,1705,12,4,17,5,N,C,Y,B,H,D,A,01,E,08,E,,,,,I,Y,N,D,1,0,0,0,22107.0,1,37.35943551,-120.18566035,3
2013,2013-03-10,1625,3,1,16,7,N,A,Y,A,H,A,A,01,W,09,D,,,,,C,Y,N,D,3,0,0,0,21801.0,2,37.4758718,-120.0745113,4
2013,2013-03-06,1835,3,1,18,3,N,B,N,B,H,D,A,08,N,05,A,,,,,C,Y,N,D,2,0,0,0,21460.0,2,37.4563182,-119.8238549,3
2013,2013-03-02,1350,3,1,13,6,N,A,Y,A,B,A,C,02,W,03,F,,,Y,,A,N,N,D,4,0,0,4,22350.0,3,37.4673457,-120.0749216,3
2013,2013-01-08,2120,1,4,21,2,N,A,N,C,H,D,A,01,E,03,E,,,,,I,Y,N,A,1,0,0,0,22350.0,1,37.7712172,-120.1605353,4
2013,2013-01-22,1925,1,4,19,2,N,A,Y,A,H,D,-,- ,E,18,E,,,Y,,H,Y,N,D,1,0,0,1,,1,37.7090532,-120.3109776,4
2013,2013-01-10,1420,1,4,14,4,N,B,N,B,H,A,A,01,N,03,E,,,,,I,Y,N,D,1,0,0,0,22350.0,1,37.4795476,-119.8690206,3
2013,2013-02-26,1140,2,4,11,2,N,A,N,A,H,A,C,02,N,03,F,,,Y,,A,Y,N,D,1,0,0,1,22350.0,1,37.6489491,-120.3112941,3
2013,2013-03-19,1725,3,1,17,2,N,A,N,A,H,A,D,22,W,08,E,,,,,I,Y,N,D,2,0,0,0,22107.0,1,37.73779836,-120.15020996,4
2013,2013-01-14,1920,1,4,19,1,N,A,Y,A,H,D,-,- ,N,18,H,,,,,H,Y,N,D,1,0,0,0,,1,37.4481792,-119.7563726,3
2013,2013-02-23,2015,2,4,20,6,N,A,N,A,H,D,C,02,N,03,C,,,Y,,C,Y,N,D,2,0,0,2,22350.0,2,37.4994539,-119.833338,2
2013,2013-02-25,1824,2,4,18,1,N,A,N,A,H,D,A,08,E,01,E,,,,,I,Y,N,D,1,0,0,0,23152.0,1,37.4682809,-119.8819911,3
2013,2013-03-26,1520,3,1,15,2,Y,A,Y,A,D,A,A,01,,09,D,Y,,,,C,Y,N,A,4,1,0,0,21802.0,3,37.4567156,-119.9064383,3
2013,2013-03-24,40,3,1,0,7,N,A,N,A,H,D,D,22,S,08,E,,,,,I,Y,N,D,2,0,0,0,22107.0,1,37.50621086,-119.82101887,2
2013,2013-03-14,1455,3,1,14,4,N,A,Y,A,H,A,A,01,E,01,E,,,,,I,Y,N,D,1,0,0,0,23152.0,1,37.6676752,-119.9224235,2
2013,2013-03-13,145,3,1,1,3,N,A,N,A,H,D,A,07,S,03,F,,,,,A,Y,N,D,1,0,0,0,22350.0,1,37.4935459,-120.0226992,4
2013,2013-03-25,1815,3,1,18,1,N,A,N,A,H,A,A,07,W,08,E,,,,,I,Y,N,D,1,0,0,0,22107.0,1,37.42233919,-119.72371548,3
2013,2013-04-13,1450,4,1,14,6,N,A,Y,A,H,A,C,02,W,03,F,,,Y,,A,Y,N,D,1,0,0,1,22350.0,1,37.4671998,-120.0748551,3
2013,2013-05-04,1508,5,1,15,6,N,A,Y,A,H,A,D,22,S,04,C,,,,,C,N,M,D,1,0,0,0,21703.0,2,37.432454,-119.7311828,4
2013,2013-04-19,1556,4,1,15,5,N,A,Y,A,H,A,-,- ,W,00,E,,,,,I,Y,N,D,1,0,0,0,,1,37.5086962,-119.9652513,3
2013,2013-05-13,2050,5,1,20,1,N,A,N,A,H,D,C,02,E,08,F,,,Y,,A,N,N,D,1,0,0,1,22107.0,1,37.72521608,-120.33515722,2
2013,2013-05-12,1900,5,1,19,7,N,A,Y,A,H,A,A,07,S,08,F,,,,,A,Y,N,D,1,0,0,0,22107.0,1,37.743463,-120.2424127,4
2013,2013-05-26,1059,5,1,10,7,N,A,Y,A,H,A,C,02,N,05,A,,,Y,,C,Y,N,D,1,0,0,1,21460.0,2,37.593841,-120.1279906,2
2013,2013-05-12,1125,5,1,11,7,N,A,Y,A,H,A,C,02,N,08,E,,,Y,,I,Y,N,D,1,0,0,1,22107.0,1,37.5844606,-120.1217921,3
2013,2013-05-04,1600,5,1,16,6,N,A,Y,A,H,A,C,02,N,08,E,,,Y,,I,Y,N,D,1,0,0,1,22107.0,1,37.5833572,-120.1214092,2
2013,2013-04-27,1200,4,1,12,6,N,A,Y,A,H,A,C,02,S,08,B,,,Y,,C,Y,N,D,1,0,0,1,22107.0,2,37.6548434,-120.1494162,2
2013,2013-05-23,1333,5,1,13,4,N,A,Y,A,H,A,D,22,W,08,E,,,,,I,Y,N,D,1,0,0,0,22107.0,1,37.5023287,-119.9680125,3
2013,2013-05-24,1625,5,1,16,5,N,A,Y,A,H,A,M,47,W,08,E,,,,,I,Y,N,D,1,0,0,0,22107.0,1,37.6692752,-119.9073328,3
2013,2013-05-30,835,5,1,8,4,N,A,Y,A,H,A,A,01,S,05,A,,,,,C,Y,N,D,3,0,0,0,21460.0,2,37.4784465,-119.9585789,3
2013,2013-06-09,930,6,2,9,7,N,A,Y,A,H,A,C,02,S,08,F,,,Y,,A,Y,N,D,1,0,0,1,22107.0,1,37.6768414,-120.1659626,3
2013,2013-06-14,1630,6,2,16,5,N,A,Y,A,H,A,C,02,E,08,F,,,Y,,A,Y,N,D,1,0,0,1,22107.0,1,37.3483637,-120.2063352,3
2013,2013-06-13,1220,6,2,12,4,N,A,N,A,H,A,A,01,W,08,E,,,,,I,Y,N,D,1,0,0,0,22107.0,1,37.4924964,-119.8121909,4
2013,2013-06-18,1540,6,2,15,2,N,A,N,A,H,A,A,01,N,03,A,,,,,C,Y,N,D,2,0,0,0,22350.0,2,37.43663611,-119.94121581,3
2013,2013-06-21,1130,6,2,11,5,N,A,Y,A,B,A,C,02,N,03,E,,,Y,,I,Y,N,D,1,0,0,1,22350.0,1,37.5893673,-120.1225217,2
2013,2013-06-30,1440,6,2,14,7,N,A,N,A,H,A,A,01,W,08,F,,,,,A,Y,N,D,2,0,0,0,22107.0,1,,,4
2013,2013-07-08,1830,7,2,18,1,N,A,Y,A,H,A,A,01,W,08,E,,,,,I,Y,N,D,1,0,0,0,22107.0,1,37.7112876,-120.2056034,4
2013,2013-06-30,1905,6,2,19,7,N,A,Y,A,H,B,C,02,N,06,B,,,Y,,C,N,N,D,1,0,0,1,21750.0,2,37.7138487,-120.2001777,2
2013,2013-09-17,1245,9,3,12,2,Y,A,Y,A,H,A,A,01,,03,C,,,,,C,Y,N,D,1,0,0,0,22350.0,2,37.4842651,-119.9648127,4
2013,2013-07-19,700,7,2,7,5,N,A,Y,A,H,A,A,01,E,08,E,,,,,I,Y,N,D,1,0,0,0,22107.0,1,37.3596102,-120.1836684,3
2013,2013-07-17,1830,7,2,18,3,N,A,N,-,E,A,A,07,N,08,E,,,,,I,Y,N,D,1,0,0,0,22107.0,1,37.5169843,-119.8368092,3
2013,2013-07-20,930,7,2,9,6,N,A,Y,A,H,A,L,04,S,03,F,,Y,,,A,N,N,D,1,0,1,0,22350.0,1,37.5952451,-120.1285628,2
2013,2013-08-19,1950,8,2,19,1,Y,B,N,A,H,D,A,07,,09,D,,,,,C,N,N,D,1,0,0,0,21800.0,2,37.425807,-119.9061,4
2013,2013-08-09,2100,8,2,21,5,N,A,N,A,H,D,A,01,N,01,E,,,,,I,Y,N,D,1,0,0,0,23152.0,1,37.5623369,-119.9684165,3
2013,2013-07-23,1425,7,2,14,2,N,A,Y,A,H,A,D,22,S,03,C,,,,,C,N,F,D,1,0,0,0,22350.0,2,37.4721352,-119.6415892,4
2013,2013-09-04,1311,9,3,13,3,N,A,Y,A,H,A,D,22,E,01,F,,,,,A,Y,N,D,2,0,0,0,23152.0,1,37.3791519,-120.1643935,3
2013,2013-09-05,1729,9,3,17,4,N,A,Y,A,H,A,C,02,N,05,A,,,Y,,C,Y,N,D,2,0,0,1,21460.0,2,37.4632614,-119.6444725,4
2013,2013-09-01,1230,9,3,12,7,N,A,N,A,H,A,C,02,N,03,F,,,Y,,A,N,N,D,1,0,0,1,22350.0,1,37.4629646,-120.2835556,2
2013,2013-09-09,1032,9,3,10,1,N,A,Y,A,H,A,C,03,S,03,C,,,Y,,C,N,N,D,1,0,0,0,22350.0,2,37.4831551,-119.9638327,4
2013,2013-09-09,1615,9,3,16,1,N,A,Y,A,H,A,A,01,W,01,E,,,,,I,Y,N,D,1,0,0,0,23152.0,1,37.3444253,-120.2152989,2
2013,2013-08-31,1910,8,2,19,6,N,A,Y,A,H,A,A,01,E,05,A,,,,,C,Y,N,D,3,0,0,0,21460.0,2,37.3577745,-120.1893429,4
2013,2013-09-08,1800,9,3,18,7,N,A,Y,A,H,A,A,01,W,08,E,,,,,I,Y,N,D,1,0,0,0,22107.0,1,37.641358,-120.3796433,4
2013,2013-08-27,2000,8,2,20,2,N,A,Y,A,H,D,A,01,E,08,E,,,,,J,Y,N,D,1,0,0,0,22107.0,1,37.3777235,-120.1669463,3
2013,2013-08-29,735,8,2,7,4,Y,A,Y,A,H,A,A,07,,09,D,,,,,C,Y,N,A,3,0,0,0,21802.0,2,37.4625702,-119.8974461,4
2013,2013-10-05,1410,10,3,14,6,N,A,Y,A,H,A,C,02,S,03,F,,,Y,,A,Y,N,D,1,0,0,1,22350.0,1,37.6806916,-120.171436,4
2013,2013-09-06,1605,9,3,16,5,N,A,Y,A,H,A,C,02,S,03,F,,,Y,,A,Y,N,D,1,0,0,1,22350.0,1,37.6777802,-120.168602,2
2013,2013-10-07,1500,10,3,15,1,N,A,N,A,H,A,A,01,W,21,H,,,,,C,N,N,D,1,0,0,0,22106.0,2,37.4894316,-119.9671974,4
2013,2013-10-27,1350,10,3,13,7,N,A,Y,A,H,A,C,02,E,08,F,,,Y,,A,Y,N,D,1,0,0,1,22107.0,1,37.6668096,-119.9012391,3
2013,2013-11-19,1600,11,3,16,2,N,A,Y,A,H,A,A,01,S,03,E,,,,,I,Y,N,D,1,0,0,0,22350.0,1,37.4707503,-119.6425833,4
2014,2014-02-01,214,2,4,2,6,N,A,Y,C,H,D,A,07,N,01,E,,,,,I,Y,N,A,1,0,0,0,23152.0,1,37.47552217,-119.63833145,1
2014,2014-08-26,1625,8,2,16,2,N,A,Y,A,H,A,D,22,N,01,F,,,,,A,Y,N,D,0,0,0,0,23152.0,1,37.47198843,-119.95278714,1
2013,2013-11-17,1130,11,3,11,7,N,A,N,A,H,A,A,01,E,08,E,,,,,I,Y,N,D,1,0,0,0,22107.0,1,37.4232785,-119.8747423,4
2013,2013-11-17,1010,11,3,10,7,N,A,N,A,H,A,A,01,N,08,E,,,,,I,Y,N,D,1,0,0,0,22107.0,1,37.4978181,-120.1700632,4
2013,2013-12-26,1500,12,4,15,4,Y,A,Y,A,H,A,D,22,,03,B,,,,,C,Y,N,A,1,0,0,0,22350.0,3,37.4625236,-119.8975914,4
2014,2014-01-02,1530,1,4,15,4,N,A,N,A,H,A,D,22,N,03,F,,,,,A,Y,N,D,1,0,0,0,22350.0,1,37.40557543,-119.87441524,3
2013,2013-12-14,1815,12,4,18,6,N,A,Y,A,H,D,A,01,W,08,E,,,,,I,Y,N,D,1,0,0,0,22107.0,1,37.3596297,-120.182999,4
2013,2013-12-30,1045,12,4,10,1,N,A,N,A,B,A,C,02,N,03,F,,,Y,,A,N,N,D,1,0,0,1,22350.0,1,37.4252858,-119.9265567,2
2013,2013-12-11,745,12,4,7,3,N,A,N,C,H,A,A,01,E,03,E,,,,,I,Y,N,D,1,0,0,0,22350.0,1,37.51979468,-119.91713494,3
2014,2014-01-25,1320,1,4,13,6,N,A,Y,A,H,A,A,01,S,03,C,,,,,C,Y,N,D,3,0,0,0,22350.0,2,37.46002788,-119.93074911,3
2014,2014-01-24,2045,1,4,20,5,Y,A,Y,A,H,D,A,07,,09,D,,,,,C,N,N,D,1,0,0,0,21802.0,2,37.46009416,-119.9010779,4
2014,2014-02-19,720,2,4,7,3,N,A,N,A,H,A,C,02,S,03,D,,,Y,,C,N,N,D,1,0,0,1,22350.0,2,37.45938678,-119.94658946,3
2014,2014-03-23,740,3,1,7,7,Y,A,Y,A,H,A,A,01,,09,D,,,,,C,Y,N,D,3,0,0,0,21801.0,2,37.48167709,-120.02110681,3
2014,2014-03-16,840,3,1,8,7,N,A,N,A,H,A,A,01,N,08,E,,,,,I,Y,N,D,1,0,0,0,22107.0,1,37.5438344,-120.32883525,4
2014,2014-03-26,1358,3,1,13,3,N,B,Y,C,H,A,A,01,N,03,E,,,,,I,Y,N,D,2,0,0,0,22350.0,1,37.47617361,-119.63761217,2
2014,2014-03-17,1815,3,1,18,1,N,A,Y,A,H,A,A,01,E,08,E,,,,,I,Y,N,D,1,0,0,0,22107.0,1,37.60787328,-119.9637381,2
2014,2014-03-30,1030,3,1,10,7,N,A,N,A,H,A,A,01,N,08,E,,,,,I,Y,N,D,1,0,0,0,22107.0,1,37.42173092,-119.87707086,4
2014,2014-03-29,1615,3,1,16,6,N,B,Y,A,H,A,A,01,W,03,E,,,,,I,Y,N,D,2,0,0,0,22350.0,1,37.4485469,-120.07336039,3
2014,2014-04-21,1245,4,1,12,1,Y,A,Y,A,H,A,C,02,,05,D,,,Y,,C,Y,N,D,1,0,0,1,21460.0,2,37.50657174,-120.0050481,3
2014,2014-05-16,1410,5,1,14,5,N,A,Y,A,H,A,C,02,S,08,F,,,Y,,A,Y,N,D,1,0,0,1,22107.0,1,37.67756031,-120.16462396,3
2014,2014-04-22,545,4,1,5,2,N,B,N,B,H,D,A,01,N,03,H,,,,,H,N,N,D,1,0,0,0,22350.0,1,37.55500745,-120.00230857,3
2014,2014-04-19,1658,4,1,16,6,N,A,N,A,H,A,C,02,E,03,F,,,Y,,A,Y,N,D,1,0,0,1,22350.0,1,37.46323317,-119.77549671,4
2014,2014-05-03,230,5,1,2,6,N,A,Y,A,A,C,D,22,E,01,E,,,,,I,Y,N,D,1,0,0,0,23152.0,1,37.49064023,-119.97136759,3
2014,2014-05-09,1648,5,1,16,5,Y,A,Y,A,H,A,D,22,,03,C,,,,,C,N,N,D,1,0,0,0,22350.0,2,37.45888509,-119.91646606,4
2014,2014-05-04,1420,5,1,14,7,N,A,Y,A,H,A,A,07,E,08,E,,,,,I,Y,N,D,1,0,0,0,22107.0,1,37.48575557,-119.99547824,3
2014,2014-05-05,1305,5,1,13,1,Y,A,Y,A,H,A,-,- ,,03,C,,,,,C,N,N,D,1,0,0,0,22350.0,2,37.48699501,-119.96752593,4
2014,2014-05-24,1612,5,1,16,6,N,A,Y,A,H,A,D,22,W,08,E,,,,,I,Y,N,D,1,0,0,0,22107.0,1,37.5978714,-119.95937693,2
2014,2014-05-27,1810,5,1,18,2,N,A,Y,A,H,A,D,22,S,03,A,,,,,C,Y,N,D,2,0,0,0,22350.0,2,37.46386102,-119.88988985,3
2014,2014-05-24,1845,5,1,18,6,N,A,N,A,H,A,-,- ,W,18,H,,,Y,,H,Y,N,D,1,0,0,1,,1,37.50947521,-119.91125183,3
2014,2014-05-21,1724,5,1,17,3,N,B,N,A,H,A,A,01,E,08,F,,,,,A,Y,N,D,1,0,0,0,22107.0,1,37.51678509,-119.91734952,3
2014,2014-06-17,1340,6,2,13,2,N,A,N,A,H,A,A,01,E,01,E,,,,,I,Y,N,D,1,0,0,0,23152.0,1,37.75458295,-120.10188264,3
2014,2014-06-12,100,6,2,1,4,N,A,N,A,H,D,A,01,N,03,E,,,,,I,Y,N,D,1,0,0,0,22350.0,1,37.48453014,-119.72533254,3
2014,2014-06-22,910,6,2,9,7,Y,A,Y,A,H,A,A,01,,09,D,,,,,C,Y,N,D,3,0,0,0,21801.0,3,37.42238584,-120.11000673,3
2014,2014-06-24,1425,6,2,14,2,N,A,Y,A,H,A,D,22,S,08,E,,,,,I,Y,N,D,1,0,0,0,22107.0,1,37.4600913,-119.90108136,3
2014,2014-06-28,1239,6,2,12,6,N,A,Y,A,H,A,-,- ,S,18,H,,,Y,,H,Y,N,D,1,0,0,1,,1,37.59819804,-120.12422693,4
2014,2014-06-14,1700,6,2,17,6,N,A,Y,A,H,A,C,02,S,08,F,,,Y,,A,Y,N,D,1,0,0,1,22107.0,1,37.67868349,-120.16437583,3
2014,2014-07-06,1920,7,2,19,7,N,A,N,A,H,A,C,02,E,08,E,,,Y,,I,Y,N,D,1,0,0,1,22107.0,1,37.7541674,-120.10023117,4
2014,2014-07-16,1430,7,2,14,3,N,A,N,A,H,A,D,22,E,08,F,,,,,A,Y,N,D,1,0,0,0,22107.0,1,37.4755619,-119.87202016,3
2014,2014-07-16,1200,7,2,12,3,N,A,Y,A,H,A,C,02,W,03,D,,,Y,,C,Y,N,A,1,0,0,1,22350.0,2,37.47781565,-119.96077048,2
2014,2014-07-16,120,7,2,1,3,N,A,Y,A,H,D,A,07,S,08,E,,,,,I,Y,N,D,1,0,0,0,22107.0,1,37.5100453,-120.02526536,4
2014,2014-07-16,1630,7,2,16,3,N,A,Y,A,H,A,C,02,W,03,F,,,Y,,A,Y,N,D,3,0,0,2,22350.0,2,37.59697811,-119.95815781,2
2014,2014-07-21,730,7,2,7,1,N,A,N,A,H,A,A,01,S,05,A,,,,,C,N,N,D,1,0,0,0,21650.0,2,37.45682406,-119.73593492,3
2014,2014-07-23,1943,7,2,19,3,Y,A,Y,A,H,A,A,01,,09,A,,,,,C,Y,N,D,1,0,0,0,21801.0,2,37.44947194,-119.85274843,4
2014,2014-07-19,1744,7,2,17,6,N,A,Y,A,H,A,D,22,W,01,E,,,,,I,Y,N,D,1,0,0,0,23152.0,1,37.48761406,-119.96822487,3
2014,2014-07-28,840,7,2,8,1,N,A,Y,A,H,A,D,22,E,08,E,,,,,I,Y,N,D,1,0,0,0,22107.0,1,37.81408201,-120.06793067,4
2014,2014-07-29,104,7,2,1,2,N,A,N,A,H,A,A,07,E,01,E,,,,,I,Y,N,D,1,0,0,0,23152.0,1,37.71916053,-120.18735019,4
2014,2014-07-26,815,7,2,8,6,N,A,N,A,H,A,D,22,E,08,E,,,,,I,Y,N,D,1,0,0,0,22107.0,1,37.5105,-120.03062,3
2014,2014-07-19,1000,7,2,10,6,N,A,Y,A,G,A,A,08,N,08,E,,,,,I,Y,N,D,1,0,0,0,22107.0,1,37.46046045,-119.92260105,4
2014,2014-08-19,930,8,2,9,2,N,A,N,A,H,A,A,01,W,08,E,,,,,I,Y,N,D,1,0,0,0,22107.0,1,37.5244,-119.93963,4
2014,2014-08-10,2220,8,2,22,7,N,A,N,A,H,D,A,07,S,08,E,,,,,I,Y,N,D,1,0,0,0,22107.0,1,37.51844449,-119.91765708,4
2014,2014-08-08,1530,8,2,15,5,N,A,Y,A,H,A,D,22,E,03,F,,,,,A,N,N,D,2,0,0,0,22350.0,1,37.46294917,-119.77742787,4
2014,2014-08-10,930,8,2,9,7,N,A,Y,A,H,A,C,02,N,03,E,,,Y,,I,N,N,D,1,0,0,1,22350.0,1,37.58798532,-119.96481863,2
2014,2014-08-22,1705,8,2,17,5,N,A,Y,A,H,A,F,27,E,03,F,,,,Y,A,Y,N,D,1,0,0,0,22350.0,1,37.7069266,-120.23838555,2
2014,2014-08-24,1730,8,2,17,7,N,A,N,A,H,A,C,02,E,01,F,,,Y,,A,Y,N,D,1,0,0,1,23152.0,1,37.48380791,-120.26603776,3
2014,2014-09-08,1430,9,3,14,1,N,A,Y,A,H,A,A,07,E,08,B,,,,,E,Y,N,D,1,0,0,0,22107.0,2,37.48910278,-119.96982328,4
2014,2014-08-15,650,8,2,6,5,N,A,Y,A,H,A,A,01,S,08,E,,,,,I,Y,N,D,2,0,0,0,22107.0,1,,,4
2014,2014-08-29,1630,8,2,16,5,N,A,N,A,H,A,-,- ,W,18,E,,,,,I,Y,N,D,1,0,0,0,,1,37.64048885,-120.34289894,4
2014,2014-09-11,1525,9,3,15,4,N,A,Y,A,D,A,D,22,W,03,C,,,,,C,Y,N,A,2,0,0,0,22350.0,3,37.47623456,-119.960221,4
2014,2014-09-10,1325,9,3,13,3,N,A,Y,A,H,A,C,02,N,03,F,,,Y,,A,N,N,D,1,0,0,1,22350.0,1,37.47319791,-119.63844309,3
2014,2014-09-21,1515,9,3,15,7,N,A,Y,A,H,A,D,22,W,08,F,,,,,A,Y,N,D,1,0,0,0,22107.0,1,37.40405791,-120.13042992,3
2014,2014-09-12,1840,9,3,18,5,N,A,N,A,H,A,A,01,N,03,E,,,,,I,Y,N,D,2,0,0,0,22350.0,1,37.46645444,-120.00208227,3
2014,2014-10-16,920,10,3,9,4,Y,A,Y,A,H,A,D,22,,09,D,,,,,C,N,N,A,1,0,0,0,21802.0,2,37.69999121,-120.28950511,4
2014,2014-09-27,1930,9,3,19,6,N,B,N,A,H,B,A,07,N,01,E,,,,,I,Y,N,D,1,0,0,0,23152.0,1,37.48380791,-120.26603776,2
2014,2014-10-21,1145,10,3,11,2,N,A,N,A,H,A,A,07,W,08,F,,,,,A,Y,N,D,1,0,0,0,22107.0,1,37.73790371,-120.15521765,4
2014,2014-10-11,1315,10,3,13,6,N,A,N,A,H,A,D,22,N,05,A,,,,,C,Y,N,D,1,0,0,0,21460.0,2,37.47614441,-120.10903628,3
2014,2014-10-12,1620,10,3,16,7,N,A,Y,A,H,A,D,22,N,08,E,,,,,I,Y,N,D,1,0,0,0,22107.0,1,37.46321236,-119.89417983,2
2014,2014-10-03,2244,10,3,22,5,N,A,N,A,H,D,A,01,S,05,A,,,,,C,Y,N,D,2,0,0,0,21460.0,2,37.48903525,-119.83030083,3
2014,2014-12-20,1330,12,4,13,6,N,B,Y,B,H,A,J,48,W,03,E,,,,,I,Y,N,D,1,0,0,0,22350.0,1,37.48194995,-120.0228388,2
2014,2014-10-20,1910,10,3,19,1,N,A,Y,A,H,D,A,01,W,08,F,,,,,A,Y,N,D,1,0,0,0,22107.0,1,,,3
2014,2014-10-29,1222,10,3,12,3,N,A,Y,A,H,A,A,01,E,03,C,,,,,C,Y,N,D,1,0,0,0,22350.0,2,37.51000798,-119.96397747,4
2014,2014-11-01,3,11,3,0,6,N,C,Y,B,H,D,A,01,W,08,F,,,,,A,Y,N,D,1,0,0,0,22107.0,1,37.57369685,-119.9441414,3
2014,2014-11-07,1505,11,3,15,5,Y,A,Y,A,H,A,C,02,,21,F,,,Y,,A,N,N,D,1,0,0,1,22106.0,1,37.48307872,-119.96374265,3
2014,2014-11-12,930,11,3,9,3,N,A,Y,A,H,A,A,07,W,08,E,,,,,I,Y,N,D,1,0,0,0,22107.0,1,37.4776768,-120.06899813,4
2014,2014-11-13,1025,11,3,10,4,N,B,N,A,H,A,A,01,N,03,E,,,,,I,Y,N,D,1,0,0,0,22350.0,1,37.49299805,-120.25392257,4
2014,2014-11-12,1615,11,3,16,3,N,A,Y,A,H,A,A,01,S,03,C,,,,,C,N,M,D,1,0,0,0,22350.0,2,37.46303573,-119.8953041,4
2014,2014-11-19,1630,11,3,16,3,N,C,Y,B,H,A,A,07,W,03,F,,,,,A,Y,N,D,2,0,0,0,22350.0,1,,,3
2014,2014-11-27,1130,11,3,11,4,N,A,Y,A,H,A,C,02,S,03,F,,,Y,,A,Y,N,D,1,0,0,1,22350.0,1,37.71085702,-120.1973282,2
2014,2014-12-01,928,12,4,9,1,Y,B,Y,A,H,A,D,22,,09,A,,,,,C,Y,N,D,1,0,0,0,21801.0,2,37.50618991,-120.04163986,2
2014,2014-11-20,1925,11,3,19,4,N,C,N,B,H,D,A,01,N,08,F,,,,,A,Y,N,D,1,0,0,0,22107.0,1,37.50274226,-119.847557,4
2014,2014-11-30,2240,11,3,22,7,N,B,N,B,H,D,A,01,N,03,F,,,,,A,Y,N,D,1,0,0,0,22350.0,1,37.48292663,-119.90005469,3
2014,2014-12-25,1950,12,4,19,4,N,A,N,A,H,D,D,22,N,03,E,,,,,I,Y,N,D,1,0,0,0,22350.0,1,37.58657185,-120.17911819,3
2014,2014-12-19,2240,12,4,22,5,N,B,N,B,H,D,D,22,W,01,E,,,,,I,Y,N,D,1,0,0,0,23152.0,1,37.50296921,-120.04414989,4
2014,2014-12-29,1430,12,4,14,1,N,A,N,A,H,A,A,01,E,03,E,,,,,I,Y,N,D,1,0,0,0,22350.0,1,37.51592653,-119.83353545,4
2014,2014-12-29,909,12,4,9,1,N,A,Y,A,H,A,A,01,E,03,A,,,,,C,Y,N,D,5,0,0,0,22350.0,2,,,2
2014,2014-12-17,1615,12,4,16,3,N,B,Y,B,H,B,A,01,E,03,E,,,,,I,Y,N,D,1,0,0,0,22350.0,1,,,3
2015,2015-01-05,1025,1,4,10,1,N,A,Y,C,B,A,D,22,S,03,E,,,,,I,Y,N,A,1,0,0,0,22350.0,1,37.4735853,-119.63837716,4
2014,2014-12-21,1830,12,4,18,7,N,B,N,A,H,C,A,07,E,08,E,,,,,I,Y,N,D,1,0,0,0,22107.0,1,37.71898449,-120.31013551,4
2015,2015-01-25,720,1,4,7,7,N,A,N,A,H,A,A,07,W,08,E,,,,,I,Y,N,D,1,0,0,0,22107.0,1,37.44273403,-119.99162436,3
2015,2015-01-30,755,1,4,7,5,N,A,Y,A,H,A,A,01,N,03,C,,,,,C,Y,N,D,1,0,0,0,22350.0,2,37.44947195,-119.85274844,3
2015,2015-02-01,1615,2,4,16,7,N,A,Y,A,H,B,-,- ,S,18,F,,,Y,,A,N,N,D,1,0,0,1,,1,37.602324,-120.13225985,2
2015,2015-01-28,1255,1,4,12,3,N,A,N,A,H,A,A,07,E,03,F,,,,,A,Y,N,D,1,0,0,0,22350.0,1,37.71646084,-120.32358494,4
2015,2015-01-31,1345,1,4,13,6,N,A,Y,B,H,A,C,02,N,03,F,,,Y,,A,N,N,D,1,0,0,1,22350.0,1,37.5887179,-120.1230938,4
2015,2015-01-31,1910,1,4,19,6,N,A,Y,A,H,D,A,01,E,03,E,,,,,I,Y,N,D,2,0,0,0,22350.0,1,37.66918872,-120.36753087,2
2015,2015-01-22,600,1,4,6,4,N,A,N,A,H,A,-,- ,N,18,E,,,,,I,N,N,D,1,0,0,0,,1,37.47062863,-119.9195012,4
2015,2015-04-20,1505,4,1,15,1,N,B,Y,A,H,A,D,22,E,03,C,,,,,C,N,N,D,1,0,0,0,22350.0,3,37.48458756,-119.96508423,4
2015,2015-02-13,846,2,4,8,5,N,A,N,A,H,A,A,01,N,08,E,,,,,I,N,N,D,1,0,0,0,22107.0,1,37.42440094,-119.87803563,4
2015,2015-02-23,800,2,4,8,1,N,B,Y,B,H,A,A,01,W,03,E,,,,,I,Y,N,D,1,0,0,0,22350.0,1,37.47619959,-120.07342044,3
2015,2015-02-21,1145,2,4,11,6,N,B,N,A,H,A,D,22,S,00,B,,Y,,,G,N,F,D,1,0,1,0,21760.0,2,37.49600409,-120.24066921,3
2015,2015-03-13,1135,3,1,11,5,N,A,Y,A,H,A,C,02,N,08,E,,,Y,,I,Y,N,D,1,0,0,1,22107.0,1,37.58361447,-120.12151919,2
2015,2015-03-24,925,3,1,9,2,N,A,Y,A,H,A,C,02,W,03,F,,,Y,,A,N,N,D,1,0,0,1,22350.0,1,37.81599686,-120.0724672,3
2015,2015-03-31,730,3,1,7,2,N,A,N,A,H,A,A,01,E,08,A,,,,,C,Y,N,D,2,0,0,0,22107.0,2,37.40791237,-119.85036865,4
2015,2015-03-27,300,3,1,3,5,N,A,Y,A,H,D,A,07,W,01,E,,,,,I,Y,N,D,1,0,0,0,23152.0,1,37.47949018,-120.02980159,3
2015,2015-03-25,400,3,1,4,3,N,A,N,A,H,D,A,01,S,01,F,,,,,A,Y,N,D,1,0,0,0,23152.0,1,37.49969217,-120.04342609,3
2015,2015-03-25,1100,3,1,11,3,N,A,Y,A,H,A,C,02,E,03,E,,,Y,,I,Y,N,D,1,0,0,1,22350.0,1,37.59506588,-119.95774972,3
2015,2015-03-19,1620,3,1,16,4,N,A,Y,A,H,A,C,02,S,03,F,,,Y,,A,N,N,D,1,0,0,1,22350.0,1,37.44929958,-119.75909184,3
2015,2015-03-24,810,3,1,8,2,N,A,Y,A,H,A,A,07,N,03,C,,,,,C,Y,N,D,3,0,0,0,22350.0,2,37.46386102,-119.88988976,3
2015,2015-04-03,1825,4,1,18,5,N,A,N,A,H,A,L,04,S,05,A,,Y,,,G,Y,N,D,1,0,1,0,21650.0,2,37.49785049,-119.8107482,2
2015,2015-04-11,2015,4,1,20,6,N,A,N,A,H,D,A,07,E,01,E,,,,,I,Y,N,D,1,0,0,0,23152.0,1,37.48781864,-120.20313073,3
2015,2015-04-11,1225,4,1,12,6,N,A,N,A,H,A,A,01,N,01,E,,,,,I,Y,N,D,1,0,0,0,23152.0,1,37.48249289,-119.89998753,3
2015,2015-04-13,2500,4,1,25,1,N,A,Y,A,H,D,D,22,W,08,F,,,,,A,Y,N,D,1,0,0,0,22107.0,1,37.47826497,-119.97786571,3
2015,2015-04-18,840,4,1,8,6,N,A,N,A,H,A,D,22,W,08,E,,,,,I,Y,N,D,1,0,0,0,22107.0,1,37.49555878,-120.18027908,3
2015,2015-05-04,710,5,1,7,1,N,A,N,A,H,A,-,- ,N,18,H,,,,,A,N,N,D,1,0,0,0,,1,37.37508615,-119.96588125,3
2015,2015-04-24,1500,4,1,15,5,N,A,N,A,H,A,D,22,E,05,A,,,,,C,Y,N,D,4,0,0,0,21650.0,2,37.45952511,-119.86642713,3
2015,2015-04-25,1230,4,1,12,6,N,B,Y,B,H,A,A,01,E,03,F,,,,,A,Y,N,D,2,0,0,0,22350.0,1,37.58244193,-119.96019305,3
2015,2015-05-21,1710,5,1,17,4,N,B,Y,A,H,A,D,22,W,08,E,,,,,I,Y,N,D,1,0,0,0,22107.0,1,37.47525258,-120.07535393,4
2015,2015-05-19,1550,5,1,15,2,N,A,N,A,H,A,L,04,S,22,H,,Y,,,I,N,N,D,1,0,1,0,,1,37.42693947,-119.81835365,3
2015,2015-05-08,1436,5,1,14,5,N,B,Y,A,H,A,D,22,,03,A,,,,,C,Y,N,D,2,0,0,0,22350.0,2,37.44947194,-119.85274843,4
2015,2015-05-21,50,5,1,0,4,N,A,N,A,H,D,A,08,S,08,E,,,,,I,Y,N,D,1,0,0,0,22107.0,1,37.72731544,-120.12436116,4
2015,2015-05-06,1100,5,1,11,3,Y,A,N,A,H,A,A,01,,09,D,,Y,,,G,N,N,A,1,0,1,0,21801.0,2,37.50067999,-119.81063993,2
2015,2015-05-04,1910,5,1,19,1,N,A,Y,A,H,B,A,01,N,01,E,,,,,I,Y,N,D,1,0,0,0,23152.0,1,37.49349248,-119.9769598,3
2015,2015-06-28,1620,6,2,16,7,N,A,Y,A,H,A,A,01,E,08,E,,,,,I,Y,N,D,1,0,0,0,22107.0,1,37.54995582,-119.9227237,3
2015,2015-07-01,1800,7,2,18,3,N,A,N,A,H,A,C,02,N,03,C,,,Y,,C,N,N,D,1,0,0,1,22350.0,2,37.4751786,-119.88710295,3
2015,2015-06-25,2235,6,2,22,4,N,A,N,A,H,D,D,22,W,01,E,,,,,I,Y,N,D,1,0,0,0,23152.0,1,37.63143739,-120.33107266,3
2015,2015-05-30,1545,5,1,15,6,N,A,Y,A,H,A,C,02,N,08,E,,,Y,,I,Y,N,D,1,0,0,1,22107.0,1,37.6779181,-120.15942691,3
2015,2015-06-08,1800,6,2,18,1,N,A,Y,A,H,A,-,- ,W,07,B,,,,,C,N,N,D,1,0,0,0,21658.0,2,37.52119401,-119.9395699,4
2015,2015-05-27,1750,5,1,17,3,Y,A,Y,A,H,A,N,60,,11,G,Y,,,,B,N,N,A,1,1,0,0,21954.0,2,37.46009416,-119.9010779,3
2015,2015-06-04,1555,6,2,15,4,Y,A,Y,A,H,A,A,01,,09,D,,,,,C,N,N,A,1,0,0,0,21802.0,2,37.48899875,-119.96970691,4
2015,2015-06-10,1950,6,2,19,3,N,A,Y,A,H,A,-,- ,E,18,E,,,,,I,Y,N,D,1,0,0,0,,1,37.6675822,-119.92361632,3
2015,2015-06-13,1400,6,2,14,6,N,A,Y,A,H,A,C,02,S,08,F,,,Y,,A,Y,N,D,1,0,0,1,22107.0,1,37.68726828,-120.17701819,3
2015,2015-07-01,1510,7,2,15,3,N,A,Y,A,H,A,A,01,N,08,E,,,,,I,Y,N,D,1,0,0,0,22107.0,1,37.46173011,-119.64404972,3
2015,2015-07-14,1208,7,2,12,2,N,A,Y,A,H,A,A,01,S,08,E,,,,,I,Y,N,D,1,0,0,0,22107.0,1,37.65574242,-120.14952459,4
2015,2015-07-16,1500,7,2,15,4,N,A,N,A,H,A,A,01,S,21,H,,,,,J,Y,N,D,1,0,0,0,22106.0,1,37.65902031,-120.34933095,2
2015,2015-07-01,1042,7,2,10,3,N,B,Y,A,H,A,A,01,E,08,F,,,,,A,Y,N,D,1,0,0,0,22107.0,1,37.37098413,-120.17208786,2
2015,2015-07-14,1705,7,2,17,2,N,A,Y,A,H,A,A,07,E,03,F,,,,,A,N,N,D,1,0,0,0,22350.0,1,37.57095641,-119.94261744,3
2015,2015-07-07,1135,7,2,11,2,N,A,Y,A,H,A,C,02,N,08,F,,,Y,,A,Y,N,D,1,0,0,1,22107.0,1,37.58978395,-120.12278773,3
2015,2015-07-05,1630,7,2,16,7,N,A,N,A,H,A,-,- ,E,18,H,,,Y,,H,N,N,D,2,0,0,2,,2,37.50302592,-119.84741783,3
2015,2015-07-13,901,7,2,9,1,N,A,Y,A,H,A,A,07,E,08,E,,,,,I,Y,N,D,1,0,0,0,22107.0,1,37.52363392,-119.92330768,3
2015,2015-08-02,1445,8,2,14,7,N,A,Y,A,H,A,C,02,S,08,F,,,Y,,A,Y,N,D,1,0,0,1,22107.0,1,37.68726828,-120.17701819,3
2015,2015-08-05,1033,8,2,10,3,N,A,Y,A,H,A,A,01,S,08,E,,,,,I,Y,N,D,1,0,0,0,22107.0,1,37.45585937,-119.81280893,2
2015,2015-08-04,1336,8,2,13,2,N,A,Y,A,H,A,C,02,S,08,E,,,Y,,I,Y,N,D,1,0,0,1,22107.0,1,37.68117205,-120.17338138,3
2015,2015-08-11,305,8,2,3,2,N,A,N,A,H,D,D,22,E,03,E,,,,,I,Y,M,D,1,0,0,0,22350.0,1,37.42886944,-119.94692335,3
2015,2015-08-13,1530,8,2,15,4,N,A,Y,A,H,A,C,02,S,05,B,,,Y,,C,N,N,D,1,0,0,1,21460.0,2,37.63336703,-120.15334204,4
2015,2015-08-24,1800,8,2,18,1,N,A,N,A,H,A,D,22,W,01,F,,,,,A,N,N,D,1,0,0,0,23152.0,1,37.50389249,-120.04376751,4
2015,2015-08-28,815,8,2,8,5,Y,A,Y,A,H,A,A,01,,09,D,,,,,C,Y,N,A,1,0,0,0,21802.0,2,37.45214689,-119.82225351,3
2015,2015-08-26,645,8,2,6,3,N,A,Y,A,H,A,A,07,E,08,H,,,,,I,Y,N,D,1,0,0,0,22107.0,1,37.49753451,-119.9728914,3
2015,2015-08-25,525,8,2,5,2,N,A,N,A,H,D,A,01,N,08,E,,,,,I,Y,N,D,1,0,0,0,22107.0,1,37.5018326,-119.89060713,4
2015,2015-07-31,1600,7,2,16,5,N,A,Y,A,H,A,A,07,E,05,A,,,,,C,Y,N,A,10,0,0,0,21460.0,2,,,1
2015,2015-09-05,1252,9,3,12,6,N,A,Y,A,H,A,C,02,S,08,F,,,Y,,A,N,N,D,1,0,0,1,22107.0,1,37.67782618,-120.1642952,3
2015,2015-08-29,1635,8,2,16,6,N,A,N,A,H,A,D,22,E,01,F,,,,,A,N,M,D,1,0,0,0,23152.0,1,37.4841367,-119.79377435,3
2015,2015-08-29,2125,8,2,21,6,N,A,N,A,H,D,A,01,W,08,E,,,,,I,Y,N,D,1,0,0,0,22107.0,1,37.49681365,-120.17703752,3
2015,2015-09-03,1915,9,3,19,4,N,A,Y,A,H,B,A,01,W,08,E,,,,,I,Y,N,D,1,0,0,0,22107.0,1,37.5196214,-119.94809192,3
2015,2015-09-09,1540,9,3,15,3,N,A,Y,A,H,A,A,07,S,03,F,,,,,A,Y,N,D,2,0,0,0,22350.0,1,37.46004016,-119.93155,2
2015,2015-09-10,1205,9,3,12,4,N,A,Y,A,D,A,A,01,N,04,C,,,,,C,Y,N,D,1,0,0,0,21703.0,2,37.50790869,-120.0175175,3
2015,2015-09-17,1225,9,3,12,4,N,A,N,A,H,A,A,07,S,01,E,,,,,I,Y,N,A,1,0,0,0,23152.0,1,37.49788625,-120.16499378,4
2015,2015-08-23,1225,8,2,12,7,N,A,Y,A,H,A,D,22,S,01,H,,Y,,,G,N,F,D,0,0,0,0,23152.0,2,37.50459273,-119.99450834,1
2015,2015-09-17,530,9,3,5,4,N,A,Y,A,H,D,A,01,E,05,A,,,,,C,Y,N,D,2,0,0,0,21460.0,2,37.57434214,-119.94513781,2
2015,2015-09-16,1830,9,3,18,3,N,A,N,A,H,A,A,01,N,08,F,,,,,A,Y,N,D,2,0,0,0,22107.0,2,37.53740326,-120.32929851,4
2015,2015-08-20,2240,8,2,22,4,N,A,N,A,H,D,A,08,E,01,E,,,,,I,Y,N,D,0,0,0,0,23152.0,1,37.43613145,-119.72938855,1
2015,2015-09-21,1200,9,3,12,1,N,A,N,A,H,A,-,- ,S,18,H,,,,,A,N,N,D,1,0,0,0,,1,37.48876545,-119.97015619,3
2015,2015-10-11,1102,10,3,11,7,N,A,Y,A,H,A,C,02,S,08,F,,,Y,,A,Y,N,D,1,0,0,1,22107.0,1,37.68814191,-120.17796784,2
2015,2015-10-09,1615,10,3,16,5,Y,A,Y,A,H,A,A,08,,09,A,,,,,C,Y,N,D,3,0,0,0,21801.0,2,37.47892188,-120.06576264,3
2015,2015-10-15,1510,10,3,15,4,N,A,N,A,H,A,A,01,E,03,E,,,,,I,Y,N,D,2,0,0,0,22350.0,1,37.46779055,-119.88234671,4
2015,2015-10-17,2012,10,3,20,6,N,B,Y,A,H,D,-,- ,N,18,H,,,,,H,Y,N,D,1,0,0,0,,2,37.46136242,-119.89961419,3
2015,2015-10-21,1505,10,3,15,3,N,A,Y,A,H,A,D,22,N,03,C,,,,,C,Y,N,D,2,0,0,0,22350.0,2,37.46172911,-119.88053413,4
2015,2015-10-25,1655,10,3,16,7,N,A,N,A,H,A,D,22,S,01,E,,,,,I,Y,N,D,1,0,0,0,23152.0,1,37.48759418,-119.86021159,3
2015,2015-10-26,1250,10,3,12,1,N,A,N,A,H,A,C,02,E,03,F,,,Y,,A,Y,N,D,1,0,0,1,22350.0,1,37.44982516,-119.97928083,2
2015,2015-11-02,1215,11,3,12,1,N,B,N,B,H,A,A,01,N,08,F,,,,,A,Y,N,D,1,0,0,0,22107.0,1,37.5375277,-120.32938981,4
2015,2015-11-04,710,11,3,7,3,N,A,Y,A,H,A,A,01,W,03,C,,,,,C,Y,N,D,3,0,0,0,22350.0,2,37.4758384,-120.05277477,4
2015,2015-11-22,1830,11,3,18,7,N,A,Y,A,H,D,D,22,N,08,E,,,,,I,Y,N,D,1,0,0,0,22107.0,1,,,3
2015,2015-11-15,1650,11,3,16,7,N,B,Y,C,G,D,A,07,W,03,E,,,,,I,Y,N,D,2,0,0,0,22350.0,1,37.50737552,-119.96653204,3
2015,2015-11-21,2235,11,3,22,6,N,A,N,A,H,D,D,22,E,08,E,,,,,I,N,N,D,1,0,0,0,22107.0,1,37.51540152,-119.83192231,3
2015,2015-11-29,612,11,3,6,7,N,B,Y,B,H,C,A,01,N,08,E,,,,,I,Y,N,D,1,0,0,0,22107.0,1,37.44496778,-119.65279005,4
2015,2015-12-01,2225,12,4,22,2,N,A,Y,B,H,C,A,01,S,08,A,,,,,I,N,N,D,1,0,0,0,22107.0,1,37.47213681,-119.64130072,4
2015,2015-12-04,1800,12,4,18,5,N,A,Y,A,H,D,A,01,W,08,E,,,,,I,Y,N,D,1,0,0,0,22107.0,1,,,3
2015,2015-12-03,2030,12,4,20,4,N,A,N,B,H,D,A,01,S,08,E,,,,,I,Y,N,D,3,0,0,0,22107.0,1,37.57382525,-120.30806967,4
2015,2015-12-10,920,12,4,9,4,N,B,N,B,H,A,A,07,S,08,F,,,,,A,Y,N,D,1,0,0,0,22107.0,1,37.58221853,-120.30834537,3
2015,2015-12-14,1127,12,4,11,1,N,A,N,A,H,A,A,08,W,08,E,,,,,I,Y,N,D,1,0,0,0,22107.0,1,37.48943,-119.81195,3
2015,2015-12-20,710,12,4,7,7,N,B,N,C,H,A,A,07,N,03,E,,,,,I,Y,N,D,2,0,0,0,22350.0,1,37.51118748,-119.84271239,3
2015,2015-12-24,1730,12,4,17,4,N,B,N,C,H,D,D,22,W,03,E,,,,,I,Y,N,D,1,0,0,0,22350.0,1,37.51650243,-119.8352456,4
2015,2015-12-26,1615,12,4,16,6,Y,A,N,A,H,A,A,01,,09,D,,,,,C,Y,N,D,1,0,0,0,21801.0,2,37.42855993,-119.94768994,3
2015,2015-12-31,1145,12,4,11,4,N,A,Y,C,B,A,A,07,E,03,F,,,,,A,Y,N,D,1,0,0,0,22350.0,1,,,3
2016,2016-01-02,1730,1,4,17,6,N,A,Y,A,H,D,A,01,N,03,E,,,,,I,Y,N,D,2,0,0,0,22350.0,1,37.5997718,-120.12916187,3
2016,2016-01-06,1200,1,4,12,3,N,D,Y,C,H,A,-,- ,S,18,E,,,,,J,Y,N,D,1,0,0,0,,1,37.46818396,-119.64512053,4
2016,2016-01-08,820,1,4,8,5,N,A,Y,C,H,A,A,07,W,03,E,,,,,I,Y,N,D,1,0,0,0,22350.0,1,37.47596573,-120.05019682,3
2016,2016-01-15,1550,1,4,15,5,N,A,N,A,H,A,C,02,N,08,F,,,Y,,A,N,N,D,1,0,0,1,22107.0,1,37.4145301,-119.86007267,3
2016,2016-01-20,1505,1,4,15,3,N,A,Y,A,H,A,-,- ,S,18,E,,,,,I,Y,N,D,1,0,0,0,,1,37.46388,-119.88863,4
2016,2016-01-29,1355,1,4,13,5,N,B,N,A,H,A,A,01,N,08,F,,,,,A,Y,N,A,1,0,0,0,22107.0,1,37.56380559,-120.32607436,3
2016,2016-01-30,850,1,4,8,6,N,B,Y,B,H,A,A,07,W,03,E,,,,,I,Y,N,D,1,0,0,0,22350.0,1,37.71012785,-120.22435171,3
2016,2016-02-17,1230,2,4,12,3,N,B,N,A,H,A,L,04,S,17,F,,Y,,,A,N,N,D,1,0,1,0,21200.0,1,37.51501269,-119.83115475,3
2016,2016-02-23,1520,2,4,15,2,N,A,Y,A,H,A,A,01,W,08,E,,,,,I,Y,N,D,1,0,0,0,22107.0,1,37.65496965,-119.89809946,3
2016,2016-02-27,1005,2,4,10,6,N,A,N,A,H,A,D,22,E,08,E,,,,,I,Y,N,D,3,0,0,0,22107.0,1,,,2
2016,2016-03-06,2014,3,1,20,7,Y,C,Y,B,H,C,A,01,,10,G,Y,,,,B,N,N,A,1,1,0,0,21950.0,2,37.4930342,-119.9726907,2
2016,2016-03-12,240,3,1,2,6,N,B,Y,B,H,D,E,22,W,01,E,,,,,I,Y,N,D,1,0,0,0,23152.0,1,,,4
2016,2016-03-11,1245,3,1,12,5,N,C,Y,B,H,A,A,01,W,08,E,,,,,I,Y,N,D,1,0,0,0,22107.0,1,37.55963386,-119.93374361,3
2016,2016-03-12,1150,3,1,11,6,N,B,N,A,H,A,A,01,E,08,E,,,,,I,Y,N,D,1,0,0,0,22107.0,1,37.44650104,-119.73503903,3
2016,2016-03-12,1330,3,1,13,6,N,B,N,B,H,A,A,07,S,08,F,,,,,A,Y,N,D,1,0,0,0,22107.0,1,37.55089,-119.92346,3
2016,2016-03-29,1150,3,1,11,2,N,B,Y,A,H,A,C,02,E,08,F,,,Y,,A,Y,N,D,1,0,0,1,22107.0,1,37.40909343,-120.12580324,4
2016,2016-04-02,440,4,1,4,6,N,A,Y,A,H,D,A,07,W,08,E,,,,,I,Y,N,D,1,0,0,0,22107.0,1,37.70021178,-120.29065527,3
2016,2016-04-24,110,4,1,1,7,N,A,N,A,H,D,A,01,W,08,E,,,,,I,Y,N,D,1,0,0,0,22107.0,1,37.63512044,-120.35216053,2
2016,2016-04-14,1010,4,1,10,4,N,B,Y,B,H,A,C,02,W,03,F,,,Y,,A,N,N,D,1,0,0,1,22350.0,1,37.57807645,-119.95387785,4
2016,2016-04-24,710,4,1,7,7,N,A,Y,A,H,A,A,01,W,08,E,,,,,I,Y,N,A,1,0,0,0,22107.0,1,37.51966502,-119.95035632,4
2016,2016-04-21,1431,4,1,14,4,N,A,N,A,H,A,A,07,S,08,A,,,,,C,Y,N,D,2,0,0,0,22107.0,2,37.45875,-119.90038,3
2016,2016-04-22,100,4,1,1,5,N,A,Y,A,H,D,A,07,E,03,F,,,,,A,Y,N,D,1,0,0,0,22350.0,1,37.50095555,-119.96972693,3
2016,2016-04-05,1305,4,1,13,2,N,A,Y,A,H,A,A,07,E,01,A,,,,,C,Y,N,A,1,0,0,0,23152.0,2,37.62193449,-119.95475836,1
2016,2016-04-27,1640,4,1,16,3,N,A,Y,A,H,A,D,22,W,08,E,,,,,I,Y,N,D,1,0,0,0,22107.0,1,37.7103671,-120.19693586,4
2016,2016-04-27,1400,4,1,14,3,N,A,N,A,H,A,A,01,N,03,F,,,,,A,Y,N,D,1,0,0,0,22350.0,1,37.53858304,-119.83648818,4
2016,2016-05-13,1538,5,1,15,5,N,A,Y,A,H,A,D,22,S,00,A,,,,,C,Y,N,D,3,0,0,0,23153.0,2,37.46375689,-119.88720961,2
2016,2016-05-19,1845,5,1,18,4,N,A,Y,A,H,A,A,01,E,08,E,,,,,I,Y,N,D,2,0,0,0,22107.0,1,37.67400322,-120.36580403,4
2016,2016-05-22,1009,5,1,10,7,N,A,N,A,H,A,A,01,E,05,E,,,,,I,Y,N,D,1,0,0,0,21650.0,1,37.45952511,-119.86642713,3
2016,2016-05-21,945,5,1,9,6,Y,A,N,A,H,A,A,08,,09,D,,,,,C,N,N,A,2,0,0,0,21802.0,2,37.64460994,-120.31112992,4
2016,2016-05-19,1745,5,1,17,4,N,A,Y,A,H,A,A,07,E,01,E,,,,,I,Y,N,D,1,0,0,0,23152.0,2,37.47020145,-120.07448009,3
2016,2016-05-21,1030,5,1,10,6,N,A,N,A,H,A,-,- ,N,03,A,,,,,C,Y,N,D,2,0,0,0,22350.0,2,37.5235154,-119.92661551,4
2016,2016-05-24,1620,5,1,16,2,N,B,Y,A,H,A,A,01,N,08,F,,,,,A,Y,N,D,1,0,0,0,22107.0,1,37.50838828,-120.03473199,3
2016,2016-05-27,1115,5,1,11,5,Y,A,Y,A,H,A,A,01,,03,C,,,,,C,Y,N,D,1,0,0,0,22350.0,2,37.49622285,-119.97330462,4
2016,2016-05-27,1325,5,1,13,5,N,A,Y,A,H,A,E,22,W,08,E,,,,,I,Y,N,D,1,0,0,0,22107.0,1,,,3
2016,2016-05-16,1600,5,1,16,1,N,A,Y,A,H,A,A,07,E,08,E,,,,,I,Y,N,D,0,0,0,0,22107.0,1,37.47584937,-120.03958533,1
2016,2016-06-06,1205,6,2,12,1,N,A,Y,A,H,A,C,02,N,03,F,,,Y,,A,Y,N,D,2,0,0,2,22350.0,1,37.71052954,-120.19707686,2
2016,2016-06-11,2058,6,2,20,6,N,A,N,A,H,D,D,22,W,01,E,,,,,I,N,N,D,1,0,0,0,23152.0,1,37.45969768,-119.95488524,4
2016,2016-06-08,435,6,2,4,3,N,A,Y,A,H,D,D,22,W,08,E,,,,,I,Y,N,D,1,0,0,0,22107.0,1,,,4
2016,2016-06-10,940,6,2,9,5,N,A,Y,A,H,A,D,22,W,03,E,,,,,I,Y,N,D,1,0,0,0,22350.0,1,37.48158229,-120.02469243,4
2016,2016-06-10,1600,6,2,16,5,N,A,N,A,H,A,C,02,N,08,E,,,Y,,I,N,N,D,1,0,0,1,22107.0,1,37.6629924,-120.31399012,3
2016,2016-06-14,2336,6,2,23,2,N,A,Y,A,H,D,D,22,E,01,E,,,,,I,Y,N,D,1,0,0,0,23152.0,1,37.51892264,-119.95267606,3
2016,2016-06-20,1320,6,2,13,1,N,A,N,A,H,A,D,22,S,01,E,,,,,I,Y,N,D,1,0,0,0,23152.0,1,37.51493772,-119.91582334,3
2016,2016-06-24,1105,6,2,11,5,N,A,N,A,H,A,A,01,W,03,A,,,,,C,Y,N,D,2,0,0,0,22350.0,2,37.51626664,-119.84173184,3
2016,2016-06-26,1730,6,2,17,7,N,A,Y,A,H,A,C,02,W,03,F,,,Y,,A,Y,N,D,1,0,0,1,22350.0,1,37.52020158,-119.94320224,3
2016,2016-06-25,555,6,2,5,6,N,A,N,A,H,A,A,01,S,08,E,,,,,I,Y,N,D,1,0,0,0,22107.0,1,37.46439153,-119.90152761,3
2016,2016-07-11,1445,7,2,14,1,N,A,N,A,H,A,A,07,S,08,F,,,,,A,Y,N,D,1,0,0,0,22107.0,1,37.78865017,-120.07476121,4
2016,2016-07-15,655,7,2,6,5,Y,A,Y,A,H,A,D,22,,09,D,,,,,C,N,N,A,1,0,0,0,21802.0,2,37.67312826,-119.78517125,4
2016,2016-07-14,510,7,2,5,4,N,A,N,A,H,B,A,01,W,01,E,,,,,I,Y,N,D,1,0,0,0,23152.0,1,37.7360791,-120.16908081,3
2016,2016-08-08,1730,8,2,17,1,N,A,Y,A,H,A,D,22,W,03,C,,,,,C,N,N,D,2,0,0,0,22350.0,2,37.48177023,-120.02158485,4
2016,2016-08-06,1805,8,2,18,6,N,A,Y,A,H,A,C,02,E,01,E,,,Y,,I,N,N,D,1,0,0,1,23152.0,1,37.64257008,-119.92517804,2
2016,2016-08-09,2300,8,2,23,2,N,A,N,A,H,D,A,07,N,08,E,,,,,I,Y,N,D,1,0,0,0,22107.0,1,37.517053,-119.83755798,2
2016,2016-08-09,2200,8,2,22,2,N,A,Y,A,H,D,D,22,N,01,E,,,,,I,Y,N,D,1,0,0,0,23152.0,1,37.46021538,-119.87804053,3
2016,2016-08-10,1510,8,2,15,3,N,A,Y,A,H,A,A,01,N,03,C,,,,,C,Y,N,D,2,0,0,0,22350.0,2,37.46174244,-119.79385534,4
2016,2016-08-11,1215,8,2,12,4,N,A,Y,A,H,A,A,08,E,03,C,,,,,C,N,N,A,1,0,0,0,22350.0,2,37.49324456,-119.97280466,3
2016,2016-08-17,2335,8,2,23,3,N,A,Y,A,H,D,A,01,W,08,F,,,,,A,Y,N,D,1,0,0,0,22107.0,1,37.4036968,-120.13090139,3
2016,2016-08-20,1410,8,2,14,6,N,A,Y,A,H,A,C,02,E,08,F,,,Y,,A,N,N,D,1,0,0,1,22107.0,1,37.36016693,-120.17942797,2
2016,2016-08-20,2015,8,2,20,6,N,A,Y,A,H,D,A,01,W,05,B,,,,,C,Y,N,D,4,0,0,0,21460.0,2,37.59891565,-119.95907275,4
2016,2016-08-29,830,8,2,8,1,N,A,Y,A,H,A,C,02,S,08,F,,,Y,,A,Y,N,D,1,0,0,1,22107.0,1,37.59802133,-120.13169115,2
2016,2016-09-01,1714,9,3,17,4,N,A,Y,A,H,A,A,01,W,03,C,,,,,C,N,N,D,1,0,0,0,22350.0,2,37.4869953,-119.96752624,4
2016,2016-09-02,1420,9,3,14,5,N,A,Y,A,H,A,C,02,S,03,F,,,Y,,A,Y,N,D,1,0,0,1,22350.0,1,37.68119834,-120.17345822,2
2016,2016-09-12,915,9,3,9,1,N,A,Y,A,H,A,C,02,N,08,E,,,Y,,I,N,N,D,1,0,0,1,22107.0,1,37.58919732,-120.12240888,3
2016,2016-09-07,1530,9,3,15,3,N,A,Y,A,H,A,D,22,W,08,F,,,,,A,Y,N,D,1,0,0,0,22107.0,1,,,4
2016,2016-09-28,1640,9,3,16,3,Y,A,Y,A,H,A,A,01,,09,D,,,,,C,Y,N,A,1,0,0,0,21802.0,2,37.48299866,-119.96337586,3
2016,2016-09-24,300,9,3,3,6,N,A,N,A,H,D,A,01,W,13,E,,,,,I,Y,N,D,1,0,0,0,22515.0,1,,,3
2016,2016-09-20,1655,9,3,16,2,N,A,Y,A,H,A,A,07,S,08,E,,,,,I,Y,N,D,0,0,0,0,22107.0,1,37.462764,-119.776467,1
2016,2016-10-02,850,10,3,8,7,N,A,Y,A,H,A,C,02,S,08,E,,,Y,,I,Y,N,A,1,0,0,1,22107.0,1,37.67861047,-120.16235767,4
2016,2016-09-28,655,9,3,6,3,N,A,Y,A,H,A,A,07,S,05,A,,,,,C,Y,N,D,1,0,0,0,21460.0,2,37.63418113,-120.15238508,4
2016,2016-09-27,1150,9,3,11,2,Y,A,Y,A,H,A,A,01,,12,D,,,,,C,Y,N,A,1,0,0,0,22450.0,2,37.46023836,-119.90090915,4
2016,2016-10-05,1830,10,3,18,3,N,A,N,A,H,B,A,01,E,03,F,,,,,A,Y,N,D,1,0,0,0,22350.0,1,37.51735,-120.04643,3
2016,2016-10-05,1700,10,3,17,3,N,A,Y,A,H,A,A,07,E,01,E,,,,,I,Y,N,D,1,0,0,0,23152.0,1,37.66304622,-119.86567659,4
2016,2016-10-12,1145,10,3,11,3,Y,A,Y,A,H,A,G,27,,03,C,,,,Y,C,Y,N,D,1,0,0,0,22350.0,2,37.48064224,-120.01143106,4
2016,2016-10-09,1145,10,3,11,7,N,A,Y,A,H,A,C,02,S,08,F,,,Y,,A,Y,N,D,1,0,0,1,22107.0,1,37.55458208,-120.106942,4
2016,2016-10-13,1314,10,3,13,4,N,A,Y,A,H,A,A,01,S,08,E,,,,,I,Y,N,D,1,0,0,0,22107.0,1,37.46708479,-119.64552679,3
2016,2016-10-21,1815,10,3,18,5,N,A,Y,A,H,A,C,02,W,08,E,,,Y,,I,N,N,D,1,0,0,1,22107.0,1,37.67347388,-119.83406227,3
2016,2016-10-26,945,10,3,9,3,N,A,N,A,H,A,G,25,N,03,F,,,,Y,A,Y,N,A,1,0,0,0,22350.0,1,37.75388,-120.10576,4
2016,2016-10-24,710,10,3,7,1,N,B,Y,B,H,B,A,07,E,03,E,,,,,I,Y,N,A,1,0,0,0,22350.0,1,37.58193684,-119.96011465,2
2016,2016-08-22,1515,8,2,15,1,N,A,Y,A,H,A,A,07,W,08,E,,,,,I,Y,N,D,2,0,0,0,22107.0,1,,,1
2016,2016-10-24,1220,10,3,12,1,N,B,Y,A,H,A,D,22,E,08,E,,,,,I,Y,N,D,1,0,0,0,22107.0,1,37.50435214,-119.96663855,3
2016,2016-11-11,1730,11,3,17,5,N,A,N,A,H,D,A,01,S,22,G,Y,,,,B,N,N,D,2,2,0,0,,3,37.48404443,-119.96517602,2
2016,2016-11-11,1235,11,3,12,5,N,A,Y,A,H,A,A,01,S,08,E,,,,,I,Y,N,D,1,0,0,0,22107.0,1,37.4597938,-119.93373427,2
2016,2016-11-11,1200,11,3,12,5,N,A,Y,A,H,A,A,07,E,05,B,,,,,C,Y,N,D,1,0,0,0,21460.0,2,37.56700135,-119.94176906,3
2016,2016-12-01,1245,12,4,12,4,N,B,Y,A,H,A,D,22,W,08,F,,,,,A,Y,N,D,1,0,0,0,22107.0,1,37.37470532,-120.16832873,3
2016,2016-12-07,2005,12,4,20,3,N,B,Y,A,H,D,A,01,E,01,F,,,,,A,Y,N,D,1,0,0,0,23152.0,1,37.44698478,-120.07322622,3
2016,2016-12-16,1940,12,4,19,5,N,B,Y,B,H,D,D,22,W,03,D,,,,,C,Y,N,D,3,0,0,0,22350.0,2,37.47649062,-120.07232562,3
2016,2016-12-12,1352,12,4,13,1,N,B,Y,A,H,A,A,07,N,08,E,,,,,I,Y,N,D,3,0,0,0,22107.0,1,37.45138815,-119.82893076,3
2016,2016-12-19,1727,12,4,17,1,Y,A,Y,A,H,D,A,01,,09,D,,,,,C,Y,N,D,1,0,0,0,21802.0,2,37.46388803,-119.88858931,3
2016,2016-12-21,1515,12,4,15,3,Y,A,Y,A,H,A,D,22,,03,C,,,,,C,Y,N,D,2,0,0,0,22350.0,3,37.50610994,-120.00952997,2
2016,2016-12-29,1415,12,4,14,4,N,A,Y,A,H,A,A,08,E,08,F,,,,,A,Y,N,D,1,0,0,0,22107.0,1,37.53088086,-119.91957452,3
2016,2016-12-31,1900,12,4,19,6,N,E,Y,B,H,D,A,07,N,08,E,,,,,I,Y,N,D,1,0,0,0,22107.0,1,37.59774399,-120.12399229,3
2017,2017-01-03,2000,1,4,20,2,N,B,N,B,H,D,A,07,E,12,E,,,,,I,Y,N,A,1,0,0,0,22450.0,1,37.51644849,-119.83513802,4
2017,2017-01-14,1225,1,4,12,6,N,A,Y,A,H,A,A,01,S,01,E,,,,,I,Y,N,D,2,0,0,0,23152.0,1,37.50415705,-119.9940327,2
2017,2017-01-16,1810,1,4,18,1,N,A,Y,A,H,D,A,01,E,03,C,,,,,C,N,N,D,5,0,0,0,22350.0,2,,,3
2017,2017-01-17,1329,1,4,13,2,N,A,N,A,H,A,A,07,S,08,A,,,,,C,Y,N,D,1,0,0,0,22107.0,2,37.76184,-120.14443,4
2017,2017-01-24,815,1,4,8,2,N,A,Y,C,B,A,A,01,W,03,E,,,,,I,Y,N,D,2,0,0,0,22350.0,1,37.48639471,-119.99718311,4
2017,2017-01-24,755,1,4,7,2,N,A,Y,C,H,A,D,22,N,03,E,,,,,I,Y,N,D,1,0,0,0,22350.0,1,,,4
2017,2017-01-26,1910,1,4,19,4,N,A,N,A,H,D,A,01,N,08,E,,,,,I,Y,N,D,1,0,0,0,22107.0,1,37.49059945,-119.81598855,3
2017,2017-01-28,1730,1,4,17,6,N,A,Y,A,H,B,A,01,E,01,E,,,,,I,Y,N,D,1,0,0,0,23152.0,1,37.67037691,-119.83574238,3
2017,2017-01-29,925,1,4,9,7,N,A,Y,C,H,A,D,22,W,03,E,,,,,I,Y,N,D,1,0,0,0,22350.0,1,37.6706609,-119.79896669,3
2017,2017-02-01,1130,2,4,11,3,Y,A,Y,A,H,A,D,23,,08,A,,,,,C,Y,N,D,2,0,0,0,22107.0,2,37.46388842,-119.88861057,3
2017,2017-02-02,1225,2,4,12,4,N,C,Y,B,H,A,-,- ,S,18,H,,,,,A,Y,N,D,1,0,0,0,,1,37.45661075,-119.90814663,3
2017,2017-02-09,1325,2,4,13,4,N,B,Y,A,H,A,A,07,N,08,E,,,,,I,Y,N,D,2,0,0,0,22107.0,1,37.45496303,-119.77013505,4
2017,2017-02-25,2140,2,4,21,6,N,A,Y,A,H,D,A,07,W,01,F,,,,,A,Y,N,D,3,0,0,0,23153.0,1,37.43638491,-120.09025079,2
2017,2017-02-26,1320,2,4,13,7,N,A,Y,A,H,A,A,01,E,08,E,,,,,I,Y,N,D,1,0,0,0,22107.0,1,37.50439752,-119.96660805,4
2017,2017-02-24,815,2,4,8,5,N,A,Y,C,H,A,D,22,S,03,F,,,,,A,Y,N,D,1,0,0,0,22350.0,1,37.44837227,-119.83384141,3
2017,2017-03-05,815,3,1,8,7,N,B,Y,B,H,A,D,22,S,03,C,,,,,C,N,N,D,1,0,0,0,22350.0,3,37.46001911,-119.93229684,4
2017,2017-03-05,10,3,1,0,7,N,B,N,A,H,D,A,07,N,01,E,,,,,I,Y,N,D,1,0,0,0,23152.0,1,37.49178988,-120.14084942,3
2017,2017-03-11,1900,3,1,19,6,N,A,Y,A,H,D,A,01,S,08,E,,,,,I,Y,N,D,1,0,0,0,22107.0,1,37.6586183,-120.14659707,3
2017,2017-03-09,1520,3,1,15,4,N,A,Y,A,H,A,A,01,N,03,C,,,,,C,Y,N,A,1,0,0,0,22350.0,2,37.48314641,-119.96378799,3
2017,2017-03-20,1745,3,1,17,1,N,B,N,B,H,A,A,01,W,03,E,,,,,I,Y,N,D,1,0,0,0,22350.0,1,37.48242091,-120.27770001,3
2017,2017-03-24,1500,3,1,15,5,N,B,N,B,H,A,A,01,S,08,A,,,,,C,Y,N,D,4,0,0,0,22107.0,2,37.49648498,-119.81087825,3
2017,2017-03-24,1645,3,1,16,5,N,B,Y,B,H,A,A,07,W,08,E,,,,,I,Y,N,D,2,0,0,0,22107.0,1,37.48639166,-119.99722223,4
2017,2017-03-25,1110,3,1,11,6,N,B,N,A,B,A,C,02,S,08,H,,,Y,,I,Y,N,D,1,0,0,1,22107.0,1,37.37023042,-119.96816171,3
2017,2017-04-02,25,4,1,0,7,N,A,Y,A,H,D,A,01,E,08,E,,,,,I,Y,N,D,1,0,0,0,22107.0,1,37.58173511,-119.96004481,4
2017,2017-04-09,1920,4,1,19,7,N,A,Y,A,H,D,A,07,S,08,E,,,,,I,Y,N,D,5,0,0,0,22107.0,1,37.68117205,-120.17338138,3
2017,2017-04-09,210,4,1,2,7,N,A,Y,A,H,D,D,22,S,01,F,,,,,A,Y,M,D,1,0,0,0,23152.0,1,37.45193344,-119.82533866,3
2017,2017-04-08,1150,4,1,11,6,N,B,Y,A,H,A,A,01,W,08,E,,,,,I,Y,N,D,2,0,0,0,22107.0,1,,,3
2017,2017-04-07,1100,4,1,11,5,N,B,Y,B,H,A,A,01,S,08,F,,,,,A,Y,N,D,4,0,0,0,22107.0,1,37.71112819,-120.19755734,2
2017,2017-04-12,1,4,1,0,3,N,A,N,A,H,D,D,22,N,01,E,,,,,I,Y,N,D,1,0,0,0,23152.0,1,37.5234141,-119.92658434,3
2017,2017-04-17,2108,4,1,21,1,N,B,N,B,H,D,A,07,E,01,E,,,,,I,Y,M,D,1,0,0,0,23152.0,1,37.63499,-120.35081,3
2017,2017-04-24,105,4,1,1,1,N,A,N,A,H,D,A,01,E,01,E,,,,,I,Y,N,D,1,0,0,0,23152.0,1,37.47002902,-119.88050207,3
2017,2017-04-25,1119,4,1,11,2,N,A,Y,A,H,A,A,07,N,08,E,,,,,I,Y,N,D,2,0,0,0,22107.0,1,37.46039772,-119.92043137,3
2017,2017-04-26,1725,4,1,17,3,N,B,Y,A,H,A,A,01,S,03,C,,,,,C,Y,N,D,1,0,0,0,22350.0,3,37.45930286,-119.93902043,3
2017,2017-04-26,1505,4,1,15,3,Y,A,Y,A,H,A,-,99,,09,D,,Y,,,G,N,F,A,1,0,1,0,21802.0,2,37.49290998,-119.97466986,4
2017,2017-04-26,2010,4,1,20,3,N,B,Y,A,H,D,A,07,E,08,E,,,,,I,Y,N,D,1,0,0,0,22107.0,1,37.6672141,-119.81269455,3
2017,2017-04-28,1008,4,1,10,5,N,A,Y,A,H,A,A,01,E,08,F,,,,,A,Y,N,D,3,0,0,0,22107.0,1,37.34925642,-120.20182453,2
2017,2017-05-03,2350,5,1,23,3,N,A,Y,A,H,D,A,07,W,01,E,,,,,J,Y,N,D,1,0,0,0,23152.0,1,,,4
2017,2017-05-20,705,5,1,7,6,N,A,Y,A,H,A,C,02,S,05,F,,,Y,,A,Y,N,D,1,0,0,1,21460.0,1,37.68061293,-120.1714812,3
2017,2017-05-22,600,5,1,6,1,N,A,Y,A,H,A,D,22,S,08,E,,,,,I,Y,N,D,1,0,0,0,22107.0,1,37.68345623,-120.17526248,4
2017,2017-05-17,1815,5,1,18,3,N,A,Y,A,H,A,M,47,W,05,A,,,,,C,Y,N,A,2,0,0,0,21460.0,2,37.36030734,-120.17930269,1
2017,2017-05-25,1650,5,1,16,4,N,A,Y,A,H,A,A,01,N,09,F,,,Y,,A,N,N,A,1,0,0,1,21804.0,2,37.4930043,-119.97337537,3
2017,2017-05-29,1940,5,1,19,1,N,B,Y,A,H,A,A,01,W,01,E,,,,,I,Y,N,D,2,0,0,0,23152.0,2,,,4
2017,2017-06-07,1945,6,2,19,3,N,A,Y,A,H,A,A,08,E,08,E,,,,,I,Y,N,D,1,0,0,0,22107.0,1,37.66803287,-119.91903978,4
2017,2017-06-13,1930,6,2,19,2,N,A,Y,A,H,A,-,- ,S,18,H,,,,,H,Y,N,D,1,0,0,0,,1,37.447326,-119.75078329,3
2017,2017-06-15,1010,6,2,10,4,Y,A,Y,A,H,A,A,08,,09,D,,,,,C,Y,N,A,1,0,0,0,21802.0,2,37.48314052,-119.96378401,4
2017,2017-06-20,1745,6,2,17,2,N,A,N,A,H,A,A,01,W,01,E,,,,,I,Y,N,D,1,0,0,0,23152.0,1,37.45201767,-119.83120617,3
2017,2017-06-19,1145,6,2,11,1,N,A,N,A,H,A,-,- ,N,18,H,,,Y,,H,N,N,D,1,0,0,1,,1,37.54177873,-120.01320292,3
2017,2017-06-17,1000,6,2,10,6,N,A,Y,A,H,A,C,02,N,03,E,,,Y,,I,N,N,D,1,0,0,1,22350.0,1,37.58929538,-120.12246745,4
2017,2017-06-24,430,6,2,4,6,N,A,Y,A,H,B,A,01,N,08,E,,,,,I,Y,N,D,2,0,0,0,22107.0,1,37.4193167,-119.72792317,2
2017,2017-07-05,130,7,2,1,3,N,A,N,A,H,D,A,07,N,01,F,,,,,A,Y,N,D,1,0,0,0,23152.0,1,37.44936431,-119.94010962,3
2017,2017-07-08,1600,7,2,16,6,N,A,Y,A,H,A,A,01,S,03,F,,,,,A,Y,N,D,1,0,0,0,22350.0,1,37.60393973,-120.13369325,3
2017,2017-07-07,2038,7,2,20,5,N,A,N,A,H,D,C,02,S,01,E,,,Y,,I,N,N,D,1,0,0,1,23152.0,1,37.43023,-119.88899,2
2017,2017-07-14,1505,7,2,15,5,N,A,Y,A,H,A,A,07,S,03,C,,,,,C,Y,N,D,3,0,0,0,22350.0,2,37.5036886,-119.99345243,4
2017,2017-07-14,1500,7,2,15,5,N,A,Y,A,H,A,A,01,N,08,E,,,,,I,Y,N,D,1,0,0,0,22107.0,1,37.51609535,-120.06875709,3
2017,2017-07-17,1650,7,2,16,1,N,A,Y,A,H,A,D,22,S,03,C,,,,,C,Y,N,D,1,0,0,0,22350.0,2,37.46246591,-119.89775364,4
2017,2017-07-21,935,7,2,9,5,N,A,N,A,H,A,J,43,E,08,E,,,,,I,N,N,D,1,0,0,0,22107.0,1,37.47938442,-120.06496772,2
2017,2017-07-09,1755,7,2,17,7,N,A,Y,A,H,A,D,22,W,07,B,,,,,C,Y,N,D,1,0,0,0,21658.0,2,37.35952122,-120.18511083,3
2017,2017-08-01,1530,8,2,15,2,N,A,Y,A,H,A,A,07,E,08,E,,,,,I,N,N,D,1,0,0,0,22107.0,1,37.48115035,-119.98774925,3
2017,2017-07-26,203,7,2,2,3,N,A,N,A,H,D,A,01,N,01,E,,,,,I,Y,N,D,1,0,0,0,23152.0,1,37.56577861,-120.32545209,3
2017,2017-08-06,1740,8,2,17,7,N,A,N,A,H,A,A,07,W,01,F,,,,,A,Y,N,D,1,0,0,0,23152.0,1,37.48244593,-120.2779634,4
2017,2017-08-13,1110,8,2,11,7,N,A,N,A,H,A,D,22,W,08,E,,,,,I,Y,N,D,1,0,0,0,22107.0,1,37.64105797,-120.33859291,4
2017,2017-08-12,2130,8,2,21,6,N,A,N,A,H,D,A,07,W,01,F,,,,,A,Y,N,D,1,0,0,0,23152.0,1,37.73786819,-120.17175786,2
2017,2017-08-13,1351,8,2,13,7,N,A,N,A,H,A,-,- ,W,00,A,,,Y,,C,N,N,D,1,0,0,1,,3,37.43768251,-119.67125058,4
2017,2017-08-13,25,8,2,0,7,N,A,N,A,H,D,A,01,N,01,E,,,,,I,Y,N,D,1,0,0,0,23152.0,1,37.47158,-119.90024,1
2017,2017-08-25,645,8,2,6,5,N,A,Y,A,H,B,A,07,W,08,F,,,,,A,Y,N,D,1,0,0,0,22107.0,1,37.6401864,-119.9264331,4
2017,2017-08-18,1330,8,2,13,5,N,A,N,A,H,A,A,01,N,05,B,,,,,C,Y,N,D,2,0,0,0,21460.0,2,37.56465,-119.94001,2
2017,2017-08-25,1720,8,2,17,5,N,A,Y,A,H,A,A,07,W,08,E,,,,,I,N,N,D,1,0,0,0,22107.0,1,37.69982615,-120.27041373,4
2017,2017-08-20,1500,8,2,15,7,N,A,N,A,H,A,C,02,E,08,E,,,Y,,I,N,N,A,1,0,0,1,22107.0,1,37.48201249,-120.27228014,2
2017,2017-09-01,950,9,3,9,5,N,A,Y,A,H,A,A,07,W,09,D,,,,,C,Y,N,D,1,0,0,0,21804.0,2,37.49034635,-119.97113858,4
2017,2017-08-31,1540,8,2,15,4,N,A,N,A,H,A,A,07,E,08,F,,,,,A,Y,N,D,1,0,0,0,22107.0,1,37.73515,-120.18682,4
2017,2017-09-01,1615,9,3,16,5,N,A,Y,A,E,A,A,07,W,08,E,,,,,I,N,N,D,1,0,0,0,22107.0,1,37.65509453,-119.89866734,4
2017,2017-09-09,1220,9,3,12,6,N,A,N,A,H,A,C,02,N,08,F,,,Y,,A,Y,N,D,1,0,0,1,22107.0,1,37.48252756,-120.13511793,3
2017,2017-09-06,1643,9,3,16,3,N,A,N,A,E,A,C,06,E,08,F,,,Y,,A,N,N,D,3,0,0,3,22107.0,1,37.56742791,-119.99712669,2
2017,2017-06-26,2015,6,2,20,1,N,A,Y,A,H,A,C,02,W,01,E,,,Y,,I,Y,N,D,0,0,0,0,23152.0,1,,,1
2017,2017-09-13,1500,9,3,15,3,N,A,Y,A,H,A,D,22,W,08,E,,,,,I,Y,N,D,1,0,0,0,22107.0,1,37.51349535,-119.96092029,2
2017,2017-09-16,1345,9,3,13,6,N,A,N,A,H,A,A,01,S,08,E,,,,,I,Y,N,D,1,0,0,0,22107.0,1,37.5012457,-119.90711296,4
2017,2017-07-27,1427,7,2,14,4,N,A,Y,A,H,A,D,22,W,08,E,,,,,I,Y,N,D,1,0,0,0,22107.0,1,37.81803809,-120.05584897,1
2017,2017-09-12,1530,9,3,15,2,N,A,N,A,H,A,A,07,S,08,E,,,,,I,Y,N,D,1,0,0,0,22107.0,1,37.64402784,-120.31094903,3
2017,2017-09-25,1840,9,3,18,1,N,A,Y,A,H,A,N,60,E,11,G,Y,,,,B,N,N,D,1,1,0,0,21954.0,3,37.38542703,-120.15642689,2
2017,2017-09-25,2312,9,3,23,1,N,A,N,A,H,D,A,01,S,01,E,,,,,I,Y,N,A,1,0,0,0,23152.0,1,37.51642571,-119.83508298,4
2017,2017-09-29,1905,9,3,19,5,N,B,Y,A,H,D,-,- ,S,18,H,,,Y,,H,N,N,D,1,0,0,1,,1,37.49411526,-119.97785121,2
2017,2017-09-29,1831,9,3,18,5,Y,A,N,A,H,B,D,22,,09,D,,,,,C,Y,N,A,1,0,0,0,21801.0,2,37.46504989,-119.88647988,4
2017,2017-09-30,2154,9,3,21,6,N,A,Y,A,H,D,A,07,N,08,E,,,,,I,Y,N,D,1,0,0,0,22107.0,1,37.41359305,-120.11905702,3
2017,2017-10-09,1700,10,3,17,1,N,A,Y,A,H,B,A,07,E,08,E,,,,,I,Y,N,D,1,0,0,0,22107.0,1,37.66310607,-119.87038182,3
2017,2017-10-10,1502,10,3,15,2,N,A,Y,A,H,A,C,02,E,08,E,,,Y,,I,Y,N,D,2,0,0,2,22107.0,1,37.70799715,-120.24721905,2
2017,2017-10-22,600,10,3,6,7,N,A,Y,A,H,C,A,07,W,08,F,,,,,I,N,N,D,1,0,0,0,22107.0,1,37.67112477,-119.82965425,3
2017,2017-10-21,1345,10,3,13,6,Y,A,N,A,H,A,A,07,,01,E,,,,,I,N,N,D,1,0,0,0,23152.0,1,37.46112994,-119.74107995,4
2017,2017-10-23,2105,10,3,21,1,N,A,Y,A,H,D,A,07,E,01,F,,,,,I,Y,N,D,1,0,0,0,23152.0,1,37.67630598,-119.77624491,3
2017,2017-10-25,805,10,3,8,3,N,A,N,A,H,A,A,01,S,01,E,,,,,I,Y,N,D,1,0,0,0,23152.0,1,37.48529055,-119.9644555,3
2017,2017-11-03,423,11,3,4,5,N,B,Y,B,H,D,A,07,S,08,E,,,,,I,Y,N,D,1,0,0,0,22107.0,1,37.6756508,-120.15935555,2
2017,2017-11-02,818,11,3,8,4,N,B,Y,A,H,A,A,07,S,08,F,,,,,A,Y,N,D,1,0,0,0,22107.0,1,37.44836494,-119.85022199,4
2017,2017-11-03,110,11,3,1,5,N,B,N,A,H,D,A,07,W,08,F,,,,,A,Y,N,D,1,0,0,0,22107.0,1,37.48624291,-119.860778,4
2017,2017-11-05,835,11,3,8,7,N,B,Y,A,H,A,A,07,N,08,E,,,,,I,Y,N,D,1,0,0,0,22107.0,1,37.46149951,-119.79571447,2
2017,2017-11-08,1208,11,3,12,3,N,A,Y,A,H,A,-,- ,N,18,E,,,Y,,H,N,N,D,1,0,0,1,,1,37.50272491,-119.99086324,2
2017,2017-11-13,810,11,3,8,1,N,A,Y,A,H,A,A,07,W,08,E,,,,,I,Y,N,D,1,0,0,0,22107.0,1,37.39445031,-120.14753957,3
2017,2017-11-19,1745,11,3,17,7,N,B,Y,A,H,C,A,01,E,03,C,,,,,C,N,N,A,1,0,0,0,22350.0,2,37.48383163,-119.96438513,4
2017,2017-10-17,1816,10,3,18,2,N,A,Y,A,H,A,A,08,W,01,F,,,,,A,Y,N,D,1,0,0,0,23152.0,1,37.70308478,-120.30013717,1
2017,2017-11-21,1820,11,3,18,2,N,A,Y,A,H,D,M,47,E,05,B,,,,,C,N,N,D,1,0,0,0,21460.0,2,37.67177846,-119.83474736,4
2017,2017-11-25,1630,11,3,16,6,N,B,Y,A,H,A,A,01,N,08,E,,,,,I,Y,N,D,1,0,0,0,22107.0,1,37.44442897,-119.74399726,3
2017,2017-11-23,1130,11,3,11,4,N,A,Y,A,H,A,A,01,E,08,E,,,,,I,Y,N,D,1,0,0,0,22107.0,1,37.36018827,-120.17939579,4
2017,2017-11-24,940,11,3,9,5,N,A,Y,A,H,A,G,26,E,08,E,,,,Y,I,Y,N,D,1,0,0,0,22107.0,1,37.44546724,-120.0749954,2
2017,2017-12-01,1705,12,4,17,5,N,A,Y,A,H,B,D,22,W,09,D,,,,,C,N,N,A,1,0,0,0,21804.0,2,37.49085206,-119.97150024,4
2017,2017-12-03,1900,12,4,19,7,N,A,N,A,H,D,A,01,W,08,E,,,,,I,Y,N,D,1,0,0,0,22107.0,1,37.43200325,-119.73123775,4
2017,2017-12-07,1330,12,4,13,4,N,A,N,A,H,A,C,02,W,17,A,,,Y,Y,C,N,N,D,1,0,0,1,21662.0,2,37.48784049,-119.78663198,4
2017,2017-12-13,1000,12,4,10,3,N,A,Y,C,H,A,D,22,E,03,E,,,,,I,N,N,D,1,0,0,0,22350.0,1,,,4
2017,2017-12-13,745,12,4,7,3,N,A,Y,C,H,A,D,22,E,03,E,,,,,I,Y,N,D,0,0,0,0,22350.0,1,37.63277543,-119.93583633,1
2017,2017-12-22,1320,12,4,13,5,N,A,N,C,H,A,A,01,E,03,E,,,,,I,Y,N,D,1,0,0,0,22350.0,1,37.52854244,-120.00915255,2
2017,2017-12-29,1430,12,4,14,5,Y,A,N,A,H,A,A,01,,09,A,,,,,C,Y,N,D,1,0,0,0,21800.0,2,37.50104996,-119.80642,4
2018,2018-01-05,845,1,4,8,5,N,A,N,A,H,A,A,08,S,08,E,,,,,I,Y,N,D,1,0,0,0,22107.0,1,37.44617462158203,-119.85678100585938,3
2018,2018-01-09,1325,1,4,13,2,N,B,N,B,H,A,A,01,N,08,E,,,,,I,Y,N,D,1,0,0,0,22107.0,1,37.467788696289055,-119.8823471069336,3
2018,2018-01-06,1100,1,4,11,6,N,C,N,B,H,A,D,22,N,08,F,,,,,A,Y,N,D,1,0,0,0,22107.0,1,37.466453552246094,-120.00208282470705,2
2018,2018-01-07,850,1,4,8,7,N,B,Y,A,H,A,D,22,W,01,A,,,,,C,Y,N,D,4,0,0,0,23152.0,3,37.47079086303711,-120.07477569580078,2
2018,2018-01-10,1539,1,4,15,3,N,B,Y,A,H,A,-,99,N,17,H,,,,,C,Y,N,D,1,0,0,0,23114.0,2,37.46066284179688,-119.94476318359376,3
2018,2018-01-12,1900,1,4,19,5,N,E,N,B,H,D,A,07,W,08,F,,,,,A,Y,N,D,2,0,0,0,22107.0,1,37.50663757324219,-120.09906005859376,3
2018,2018-01-23,1330,1,4,13,2,N,A,N,A,H,A,L,04,N,03,E,,Y,,,I,N,N,D,1,0,1,0,22350.0,1,37.46717834472656,-119.73838043212892,2
2018,2018-01-31,825,1,4,8,3,N,A,Y,A,H,A,-,98,W,03,C,,,,,C,N,N,A,1,0,0,0,22350.0,2,37.48558807373047,-119.9660186767578,4
2018,2018-02-17,1935,2,4,19,6,N,A,Y,A,H,C,D,22,W,03,C,,,,,C,N,N,D,3,0,0,0,22350.0,3,37.484336853027344,-119.96489715576172,3
2018,2018-02-21,2330,2,4,23,3,N,A,N,A,H,D,A,07,W,08,E,,,,,I,Y,N,D,4,0,0,0,22107.0,1,37.73795318603516,-120.1784439086914,2
2018,2018-02-23,945,2,4,9,5,N,B,Y,C,H,A,D,22,W,03,F,,,,,A,Y,N,D,1,0,0,0,22350.0,1,37.47615814208984,-120.0370635986328,3
2018,2018-02-23,900,2,4,9,5,N,B,Y,C,H,A,D,22,W,03,A,,,,,C,Y,N,D,3,0,0,0,22350.0,2,37.48884963989258,-119.96956634521484,4
2018,2018-02-28,1855,2,4,18,3,N,A,N,A,H,D,D,22,N,01,E,,,,,I,N,N,D,1,0,0,0,23152.0,1,37.475730895996094,-119.92236328125,4
2018,2018-03-03,1900,3,1,19,6,N,C,N,B,H,D,A,01,S,08,F,,,,,A,Y,N,D,1,0,0,0,22107.0,1,37.348628997802734,-119.96625518798828,3
2018,2018-03-12,1420,3,1,14,1,N,A,Y,A,H,A,D,22,W,01,E,,,,,I,Y,N,D,1,0,0,0,23152.0,1,37.58469009399414,-119.96172332763672,2
2018,2018-03-23,552,3,1,5,5,N,A,N,A,C,D,D,22,W,03,E,,,,,I,Y,N,A,1,0,0,0,22350.0,1,37.6304931640625,-120.35348510742188,2
2018,2018-03-24,2135,3,1,21,6,N,B,Y,B,H,D,A,01,E,03,E,,,,,A,Y,N,D,1,0,0,0,22350.0,1,,,4
2018,2018-03-26,1545,3,1,15,1,N,A,Y,A,H,A,D,22,W,03,C,,,,,C,Y,N,D,1,0,0,0,22350.0,2,37.488956451416016,-119.96966552734376,3
2018,2018-03-31,1215,3,1,12,6,N,A,N,A,H,A,C,02,E,03,F,,,Y,,A,Y,N,D,1,0,0,1,22350.0,1,37.54730987548828,-120.18502807617188,2
2018,2018-04-01,1735,4,1,17,7,N,A,N,A,H,A,A,01,S,08,E,,,,,I,Y,N,D,1,0,0,0,22107.0,1,37.47764587402344,-119.81034088134766,3
2018,2018-04-13,1705,4,1,17,5,Y,A,Y,A,H,A,D,22,,09,D,,,,,C,Y,N,A,3,0,0,0,21801.0,3,37.4600830078125,-119.90109252929688,3
2018,2018-04-19,2030,4,1,20,4,N,A,N,A,H,D,D,22,E,08,F,,,,,A,Y,N,D,1,0,0,0,22107.0,1,37.379859924316406,-119.96600341796876,3
2018,2018-04-25,1435,4,1,14,3,N,A,Y,A,H,A,A,07,N,08,E,,,,,I,Y,N,D,1,0,0,0,22107.0,1,37.46895599365234,-119.95004272460938,3
2018,2018-05-06,1055,5,1,10,7,N,A,N,A,A,A,C,02,S,03,C,,,Y,,C,Y,N,A,2,0,0,2,22350.0,2,37.60069274902344,-120.30715942382812,2
2018,2018-05-07,1528,5,1,15,1,N,A,Y,A,H,A,C,02,N,08,D,,,Y,,C,Y,N,D,2,0,0,2,22107.0,2,37.73639678955078,-120.23061370849608,2
2018,2018-05-07,1115,5,1,11,1,N,A,Y,A,H,A,D,22,W,09,D,,,,Y,C,Y,N,D,0,0,0,0,21804.0,2,37.5630111694336,-119.9384536743164,1
2018,2018-05-15,745,5,1,7,2,Y,A,N,A,H,A,D,22,,09,A,,,,,C,N,N,A,1,0,0,0,21801.0,2,37.489070892333984,-119.9678192138672,3
2018,2018-05-24,1700,5,1,17,4,N,A,N,A,H,A,A,07,W,08,F,,,,,A,Y,N,D,2,0,0,0,22107.0,1,37.47525024414063,-119.89971160888672,3
2018,2018-05-24,1745,5,1,17,4,N,A,N,A,H,A,A,07,S,08,E,,,,,I,Y,N,D,1,0,0,0,22107.0,1,37.46558380126953,-119.73951721191406,3
2018,2018-05-29,1700,5,1,17,2,N,A,N,A,H,A,D,22,W,08,E,,,,,I,Y,N,D,1,0,0,0,22107.0,1,37.398483276367195,-120.03829193115234,3
2018,2018-06-01,740,6,2,7,5,N,A,Y,A,H,A,A,01,W,09,D,,,,,C,Y,N,D,2,0,0,0,21804.0,2,37.49045181274414,-119.97122192382812,4
2018,2018-01-28,1845,1,4,18,7,N,A,N,A,G,D,A,07,N,08,E,,,,,I,Y,F,D,0,0,0,0,22107.0,1,37.45054626464844,-119.95661926269533,1
2018,2018-06-08,1900,6,2,19,5,N,A,Y,A,H,A,A,01,W,07,E,,,,,I,Y,N,D,1,0,0,0,21658.0,1,,,4
2018,2018-06-09,1030,6,2,10,6,N,A,Y,A,H,A,A,07,E,08,E,,,,,I,Y,N,D,1,0,0,0,22107.0,1,,,3
2018,2018-06-18,1550,6,2,15,1,Y,A,Y,A,H,A,C,02,,03,C,,,Y,,C,N,N,A,1,0,0,1,22350.0,2,37.67299270629882,-119.78568267822266,3
2018,2018-06-10,2214,6,2,22,7,N,A,Y,A,H,D,A,01,N,03,E,,,,,I,Y,N,D,1,0,0,0,22350.0,1,37.506999969482415,-120.00325775146484,3
2018,2018-06-14,815,6,2,8,4,N,A,Y,A,H,A,D,22,N,03,C,,,,,C,N,N,D,1,0,0,0,22350.0,3,37.468765258789055,-119.94996643066406,4
2018,2018-06-22,745,6,2,7,5,Y,A,Y,A,H,A,A,07,,09,D,,,,,C,Y,N,D,4,0,0,0,21804.0,2,37.5465087890625,-119.92082214355467,3
2018,2018-06-28,1510,6,2,15,4,N,A,Y,A,H,A,A,01,W,05,A,,,,,C,Y,N,D,1,0,0,0,21460.0,2,37.501270294189446,-119.96887969970705,4
2018,2018-06-23,1340,6,2,13,6,N,A,Y,A,H,A,A,01,W,12,A,,,,,C,Y,N,A,2,0,0,0,21453.0,2,37.65973663330078,-119.90100860595705,4
2018,2018-07-07,820,7,2,8,6,N,A,Y,A,H,A,A,08,E,03,C,,,,,C,N,N,D,2,0,0,0,22350.0,2,37.49483108520508,-119.97353363037108,4
2018,2018-07-05,2330,7,2,23,4,N,A,N,A,H,D,A,07,S,08,E,,,,,I,Y,N,A,1,0,0,0,22107.0,1,37.74905014038086,-120.13499450683594,3
2018,2018-07-02,742,7,2,7,1,N,A,Y,A,H,A,C,02,N,08,E,,,Y,,I,Y,N,D,1,0,0,1,22107.0,1,37.4901237487793,-119.63108825683594,3
2018,2018-07-09,2030,7,2,20,1,N,A,N,A,H,B,C,02,W,03,E,,,Y,,I,Y,N,D,1,0,0,1,22350.0,1,37.482421875,-120.27768707275392,2
2018,2018-07-14,1215,7,2,12,6,N,A,Y,A,H,A,A,01,N,03,F,,,,,A,Y,N,D,1,0,0,0,22350.0,1,37.50686264038086,-120.03774261474608,2
2018,2018-07-15,815,7,2,8,7,Y,A,Y,A,H,A,D,22,,09,D,,,,,C,Y,N,D,2,0,0,0,21801.0,2,37.45998001098633,-119.93269348144533,2
2018,2018-07-22,1045,7,2,10,7,N,A,N,A,H,A,A,01,E,08,E,,,,,I,N,N,D,1,0,0,0,22107.0,1,37.49261093139648,-120.2573013305664,4
2018,2018-08-16,1505,8,2,15,4,N,A,Y,A,H,A,A,01,E,08,E,,,,,I,Y,N,D,1,0,0,0,22107.0,1,37.477344512939446,-119.97501373291016,3
2018,2018-08-17,2250,8,2,22,5,N,A,N,A,H,D,A,07,S,01,E,,,,,I,Y,N,D,2,0,0,0,23152.0,1,37.45570755004882,-119.9463348388672,3
2018,2018-08-19,2230,8,2,22,7,N,A,N,A,H,D,A,01,E,08,E,,,,,I,Y,N,D,2,0,0,0,22107.0,1,37.76853942871094,-120.10620880126952,4
2018,2018-08-28,1620,8,2,16,2,N,A,Y,A,H,A,A,07,W,03,C,,,,,C,Y,N,D,2,0,0,0,22350.0,2,37.556278228759766,-119.93065643310548,3
2018,2018-08-28,1742,8,2,17,2,N,A,Y,A,H,A,A,01,S,08,F,,,,,A,Y,N,A,1,0,0,0,22107.0,1,37.67697525024414,-120.1658935546875,3
2018,2018-09-02,1510,9,3,15,7,N,A,N,A,H,A,A,01,E,08,E,,,,,I,Y,N,D,1,0,0,0,22107.0,1,37.466346740722656,-119.88455963134766,3
2018,2018-08-29,1430,8,2,14,3,N,A,Y,A,H,A,A,01,S,08,E,,,,,I,Y,N,D,1,0,0,0,22107.0,1,37.45598602294922,-119.81119537353516,3
2018,2018-08-30,1835,8,2,18,4,N,A,N,A,H,B,D,22,E,03,G,Y,,,,B,N,N,D,1,1,0,0,22350.0,2,37.512943267822266,-119.89398193359376,3
2018,2018-09-07,1825,9,3,18,5,N,A,Y,A,H,A,-,- ,W,18,H,,,Y,,A,N,N,D,1,0,0,1,,1,37.48542404174805,-119.9658660888672,3
2018,2018-09-10,730,9,3,7,1,Y,A,Y,A,H,A,A,01,,09,D,,,,Y,C,Y,N,A,2,0,0,0,21802.0,2,37.710670471191406,-120.19715118408205,3
2018,2018-09-20,1005,9,3,10,4,Y,A,Y,A,H,A,A,07,,10,G,Y,,,,B,N,N,D,1,1,0,0,21950.0,2,37.48492813110352,-119.96543121337892,3
2018,2018-09-17,1655,9,3,16,1,N,A,N,A,H,A,A,07,S,01,F,,,,,A,Y,N,D,2,0,0,0,23152.0,1,37.46605682373047,-119.95099639892578,3
2018,2018-09-16,400,9,3,4,7,N,A,Y,A,H,D,A,01,E,08,E,,,,,I,Y,N,D,2,0,0,0,22107.0,1,37.713184356689446,-120.21055603027344,4
2018,2018-09-21,1315,9,3,13,5,N,A,Y,A,H,A,C,02,S,08,E,,,Y,,I,Y,N,D,1,0,0,1,22107.0,1,37.65481948852539,-120.14944458007812,2
2018,2018-09-25,1455,9,3,14,2,N,A,N,A,H,A,N,60,W,11,G,Y,,,,B,N,N,B,1,1,0,0,21954.0,2,37.48942565917969,-119.96720123291016,4
2018,2018-09-22,100,9,3,1,6,N,A,N,A,H,D,D,22,W,08,E,,,,,I,Y,N,D,1,0,0,0,22107.0,1,37.503868103027344,-120.04379272460938,4
2018,2018-09-23,1120,9,3,11,7,N,A,N,A,H,A,L,04,W,08,F,,Y,,,A,N,N,D,1,0,1,0,22107.0,1,37.52428817749024,-120.21491241455078,4
2018,2018-09-23,1028,9,3,10,7,N,A,N,A,H,A,C,02,W,05,B,,,Y,,C,Y,N,D,1,0,0,1,21460.0,2,37.761245727539055,-120.1069793701172,2
2018,2018-10-02,900,10,3,9,2,N,B,N,B,H,A,A,01,E,08,F,,,,,A,Y,N,A,1,0,0,0,22107.0,1,37.48380661010742,-120.26603698730467,3
2018,2018-10-04,1055,10,3,10,4,N,B,N,B,H,A,D,22,S,03,E,,,,,I,Y,N,A,1,0,0,0,22350.0,1,37.47203826904297,-119.87699127197266,3
2018,2018-10-09,705,10,3,7,2,N,A,Y,A,H,A,A,01,S,08,F,,,,,A,Y,N,D,1,0,0,0,22107.0,1,37.455562591552734,-119.81380462646484,3
2018,2018-10-12,2222,10,3,22,5,N,A,N,A,H,D,A,07,E,01,E,,,,,I,Y,N,D,1,0,0,0,23152.0,1,37.71916198730469,-120.18734741210938,2
2018,2018-10-24,725,10,3,7,3,N,A,N,A,H,A,-,- ,N,18,H,,,,,H,Y,N,D,1,0,0,0,,1,37.752689361572266,-120.1381378173828,3
2018,2018-10-25,1715,10,3,17,4,N,A,N,A,H,A,A,01,S,08,E,,,,,I,Y,N,D,1,0,0,0,22107.0,1,37.51401519775391,-119.8288345336914,3
2018,2018-10-26,1035,10,3,10,5,N,A,Y,A,H,A,A,01,N,08,E,,,,,I,Y,N,D,1,0,0,0,22107.0,1,37.598987579345696,-120.12489318847656,3
2018,2018-10-27,559,10,3,5,6,N,A,Y,A,H,D,-,- ,S,18,F,,,,,A,Y,N,D,1,0,0,0,,1,37.45694351196289,-119.90999603271484,4
2018,2018-11-05,740,11,3,7,1,N,A,Y,A,H,A,A,01,N,03,C,,,,,C,Y,N,D,3,0,0,0,22350.0,2,37.43917846679688,-119.73868560791016,3
2018,2018-11-05,1730,11,3,17,1,N,A,N,A,H,B,A,07,E,08,F,,,,,A,Y,N,D,1,0,0,0,22107.0,1,,,3
2018,2018-11-07,1900,11,3,19,3,N,A,Y,A,H,D,D,22,N,03,C,,,,,C,N,N,D,1,0,0,0,22350.0,2,37.459976196289055,-119.92965698242188,3
2018,2018-11-09,2130,11,3,21,5,N,A,Y,A,H,D,D,22,E,10,G,Y,,,,B,N,N,D,1,1,0,0,21950.0,2,37.48722457885742,-119.9677734375,4
2018,2018-11-22,845,11,3,8,4,N,C,N,B,H,A,A,07,N,08,E,,,,,I,Y,N,D,1,0,0,0,22107.0,1,37.46683120727539,-119.88363647460938,3
2018,2018-11-22,1240,11,3,12,4,N,C,Y,B,H,A,A,01,S,08,F,,,,,A,Y,N,D,1,0,0,0,22107.0,1,37.67089080810546,-120.15907287597656,3
2018,2018-12-01,930,12,4,9,6,N,B,N,C,H,A,A,07,S,08,E,,,,,I,Y,N,D,1,0,0,0,22107.0,1,37.72872543334961,-120.12432861328124,3
2018,2018-09-28,1743,9,3,17,5,N,A,Y,A,H,A,D,22,W,01,E,,,,,I,Y,N,D,1,0,0,0,23152.0,1,37.44677734375,-120.07331085205078,1
2018,2018-12-08,1645,12,4,16,6,N,A,Y,A,H,B,-,- ,E,18,H,,,,,H,N,N,D,1,0,0,0,,1,37.537227630615234,-119.91977691650392,3
2018,2018-12-16,1100,12,4,11,7,N,A,N,A,H,A,A,07,N,03,C,,,,,C,N,N,A,1,0,0,0,22350.0,2,37.52148818969727,-119.93897247314452,3
2018,2018-12-13,320,12,4,3,4,N,A,Y,A,H,D,D,22,E,01,E,,,,,I,Y,N,D,1,0,0,0,23152.0,1,37.46046829223633,-120.06972503662108,4
2018,2018-12-20,1710,12,4,17,4,N,A,Y,A,H,C,A,01,E,03,C,,,,,C,Y,N,D,1,0,0,0,22350.0,2,37.483753204345696,-119.9643096923828,4
2018,2018-12-18,725,12,4,7,2,N,B,Y,B,H,A,F,27,E,03,C,,,,Y,C,N,N,D,1,0,0,0,22350.0,2,37.44113159179688,-120.08301544189452,3
2018,2018-12-25,2015,12,4,20,2,N,A,Y,A,H,D,A,01,S,08,E,,,,,I,Y,N,D,1,0,0,0,22107.0,1,37.4605598449707,-119.94457244873048,4
2018,2018-12-21,1545,12,4,15,5,N,A,N,A,H,A,D,22,E,08,B,,,,,C,Y,N,D,2,0,0,0,22107.0,2,37.73514938354492,-120.18682098388672,4
2018,2018-12-24,2041,12,4,20,1,Y,C,Y,B,H,D,A,07,,08,A,,,,,C,Y,N,D,6,0,0,0,22107.0,2,37.478965759277344,-120.06553649902344,3
2018,2018-12-29,1545,12,4,15,6,N,A,N,A,H,A,A,07,E,08,E,,,,,I,Y,N,D,1,0,0,0,22107.0,1,37.496829986572266,-119.97980499267578,3
2019,2019-01-15,1835,1,4,18,2,N,C,Y,B,H,D,A,08,S,05,A,,,,,C,Y,N,D,2,0,0,0,21460.0,2,37.48164749145508,-119.96214294433594,2
2019,2019-02-06,928,2,4,9,3,N,B,Y,C,H,A,D,22,S,03,A,,,,,C,Y,N,D,2,0,0,0,22350.0,2,37.5068588256836,-120.00434112548828,4
2019,2019-02-14,1110,2,4,11,4,N,C,N,B,H,A,-,- ,W,18,H,,,,,J,Y,N,D,1,0,0,0,,1,37.74333190917969,-120.13133239746094,2
2019,2019-01-29,1305,1,4,13,2,N,A,Y,A,H,A,A,07,N,08,A,,,,Y,C,Y,N,D,1,0,0,0,22107.0,2,37.4456787109375,-119.84015655517578,1
2019,2019-02-28,1740,2,4,17,4,Y,B,Y,A,H,B,D,22,,09,D,,,,,C,Y,N,A,1,0,0,0,21802.0,2,37.43194961547852,-120.09857940673828,4
2019,2019-03-03,1525,3,1,15,7,N,B,Y,B,H,A,A,01,S,03,B,,,,,C,Y,N,D,1,0,0,0,22350.0,2,,,4
2019,2019-03-10,1940,3,1,19,7,N,B,Y,A,H,D,-,- ,N,18,E,,,,,H,N,N,D,1,0,0,0,,1,37.69580078125,-120.18310546875,4
2019,2019-03-08,2135,3,1,21,5,N,A,Y,A,H,D,A,07,N,08,E,,,,,I,Y,N,D,4,0,0,0,22107.0,1,37.589332580566406,-120.12248992919922,3
2019,2019-04-13,1520,4,1,15,6,N,A,N,A,H,A,D,22,W,08,F,,,,,I,Y,N,A,1,0,0,0,22107.0,1,37.47166061401367,-119.87762451171876,3
2019,2019-04-12,1110,4,1,11,5,Y,A,Y,A,H,A,D,22,,09,D,,,,,C,Y,N,A,1,0,0,0,21802.0,2,37.449466705322266,-119.85272979736328,3
2019,2019-04-26,200,4,1,2,5,N,A,Y,A,H,D,D,22,W,08,E,,,,,I,Y,N,D,1,0,0,0,22107.0,1,37.481739044189446,-120.0244140625,2
2019,2019-05-03,1940,5,1,19,5,N,A,Y,A,H,A,A,01,E,09,D,,,,,C,N,N,D,1,0,0,0,21804.0,2,37.573509216308594,-119.94377136230467,4
2019,2019-05-03,1625,5,1,16,5,N,A,Y,A,H,A,A,01,W,03,C,,,,,C,Y,N,A,1,0,0,0,22350.0,3,37.48892593383789,-119.96963500976562,4
2019,2019-05-05,415,5,1,4,7,N,A,N,A,H,D,D,22,N,08,E,,,,,I,Y,N,D,1,0,0,0,22107.0,1,37.50728988647461,-119.8240203857422,3
2019,2019-05-18,1515,5,1,15,6,N,B,N,B,H,A,A,01,N,08,F,,,,,A,Y,N,A,3,0,0,0,22107.0,1,37.64495468139648,-120.31114959716795,2
2019,2019-05-03,2340,5,1,23,5,N,A,Y,A,H,D,D,22,E,01,H,,,,,I,Y,N,D,4,0,0,0,23152.0,1,37.700580596923835,-120.29261779785156,2
2019,2019-05-26,845,5,1,8,7,N,B,Y,B,H,A,C,02,W,03,E,,,Y,,J,Y,N,D,1,0,0,1,22350.0,1,37.66079330444336,-119.86328887939452,4
2019,2019-06-01,1110,6,2,11,6,N,A,Y,A,H,A,D,22,W,03,C,,,,,C,Y,N,D,3,0,0,0,22350.0,3,37.479106903076165,-120.06459045410156,4
2019,2019-05-18,2330,5,1,23,6,N,C,Y,B,H,D,A,07,W,08,F,,,,,A,Y,N,D,0,0,0,0,22107.0,1,37.66553497314453,-119.92475128173828,1
2019,2019-06-03,855,6,2,8,1,Y,A,Y,A,H,A,A,01,,09,D,,,,,C,Y,N,A,3,0,0,0,21802.0,2,37.4320068359375,-120.09850311279295,3
2019,2019-06-05,1707,6,2,17,3,Y,A,Y,A,H,A,A,07,,09,D,,,,,C,Y,N,A,1,0,0,0,21802.0,2,37.4638786315918,-119.88863372802734,3
2019,2019-06-08,1635,6,2,16,6,N,A,N,A,H,A,A,07,N,01,E,,,,,I,N,N,D,1,0,0,0,23152.0,1,37.48358917236328,-119.88737487792967,3
2019,2019-06-06,1130,6,2,11,4,N,A,N,A,D,A,C,02,S,08,E,,,Y,,I,Y,N,A,1,0,0,1,22107.0,1,37.37308883666992,-119.962890625,2
2019,2019-06-11,500,6,2,5,2,N,B,Y,A,H,D,F,25,E,08,E,,,,Y,I,Y,N,D,1,0,0,0,22107.0,1,37.4344139099121,-120.09463500976562,3
2019,2019-06-15,1815,6,2,18,6,N,A,Y,A,H,A,A,01,W,09,D,,,Y,,C,Y,N,D,1,0,0,1,21801.0,2,37.6603889465332,-119.85289001464844,3
2019,2019-06-18,1145,6,2,11,2,N,A,Y,A,H,A,A,07,W,08,D,,,Y,,C,Y,N,D,1,0,0,1,22107.0,2,37.5715217590332,-119.94232940673828,3
2019,2019-06-23,1900,6,2,19,7,N,A,Y,A,H,A,A,01,E,01,E,,,,,I,Y,N,D,1,0,0,0,23152.0,1,37.67693710327149,-119.77531433105467,2
2019,2019-06-22,2225,6,2,22,6,N,A,N,A,H,D,A,07,E,08,E,,,,,I,Y,N,D,2,0,0,0,22107.0,1,37.70660400390625,-120.15718841552734,2
2019,2019-06-24,1749,6,2,17,1,N,A,N,A,H,A,C,02,E,03,F,,,Y,,A,N,N,D,1,0,0,1,22350.0,1,37.51198959350586,-119.89188385009766,2
2019,2019-06-30,118,6,2,1,7,N,A,N,A,H,D,D,22,W,08,E,,,,,I,Y,N,D,1,0,0,0,22107.0,1,37.54840469360352,-120.00018310546876,4
2019,2019-07-04,10,7,2,0,4,N,A,Y,A,H,D,D,22,E,08,E,,,,,I,Y,N,D,1,0,0,0,22107.0,1,37.64408493041992,-119.92198181152344,4
2019,2019-07-02,1900,7,2,19,2,N,A,N,A,G,A,D,22,W,03,C,Y,,,,C,Y,N,D,5,0,0,0,22350.0,3,37.585060119628906,-120.1463623046875,3
2019,2019-07-16,2200,7,2,22,2,N,A,Y,A,H,D,A,01,E,05,A,,,,,C,Y,N,D,1,0,0,0,21460.0,2,37.577369689941406,-119.94981384277344,4
2019,2019-07-17,1755,7,2,17,3,N,A,Y,A,H,A,A,07,S,03,C,,,,,C,Y,N,D,1,0,0,0,22350.0,2,37.45924377441406,-119.93873596191406,3
2019,2019-07-07,1709,7,2,17,7,N,A,N,A,B,A,D,22,W,08,E,,,,,I,Y,M,D,1,0,0,0,22107.0,1,37.49153137207031,-120.14411163330078,3
2019,2019-07-21,1730,7,2,17,7,N,A,Y,A,H,A,C,02,W,08,E,,,Y,,I,Y,N,D,1,0,0,1,22107.0,1,37.50773239135742,-119.96656036376952,2
2019,2019-07-20,1820,7,2,18,6,N,A,N,A,H,A,C,06,W,08,E,,,Y,,I,N,N,D,1,0,0,1,22107.0,1,37.48225784301758,-119.72869873046876,2
2019,2019-07-30,1130,7,2,11,2,Y,A,Y,A,H,A,A,01,,09,D,,,,,C,Y,N,A,2,0,0,0,21802.0,2,37.459716796875,-119.90153503417967,3
2019,2019-08-01,2305,8,2,23,4,N,A,Y,A,H,D,A,01,S,08,E,,,,,I,Y,N,D,1,0,0,0,22107.0,1,37.47000503540039,-119.64438629150392,4
2019,2019-08-07,1200,8,2,12,3,N,A,Y,A,H,A,A,01,S,08,E,,,,,I,Y,N,D,1,0,0,0,22107.0,1,37.46023178100586,-119.77350616455078,4
2019,2019-08-06,2344,8,2,23,2,N,A,Y,A,H,D,A,07,N,08,E,,,,,I,Y,N,D,2,0,0,0,22107.0,1,37.588111877441406,-120.12409973144533,3
2019,2019-08-09,2345,8,2,23,5,N,A,Y,A,H,D,A,01,E,08,A,,,,,C,Y,N,D,3,0,0,0,22107.0,2,37.36033248901367,-120.17919921875,2
2019,2019-08-14,1300,8,2,13,3,N,A,Y,A,H,A,A,01,E,03,C,,,,,C,Y,N,A,1,0,0,0,22350.0,2,37.65681076049805,-119.8936004638672,3
2019,2019-08-17,1355,8,2,13,6,N,A,N,A,H,A,A,07,S,08,E,,,,,I,Y,N,D,1,0,0,0,22107.0,1,37.785511016845696,-120.11219787597656,2
2019,2019-08-16,1620,8,2,16,5,N,A,Y,A,H,A,A,01,S,03,C,,,,,C,Y,N,D,2,0,0,0,22350.0,2,37.559925079345696,-120.11273193359376,3
2019,2019-08-20,1630,8,2,16,2,N,A,Y,A,H,A,C,02,W,08,E,,,Y,,I,Y,N,D,1,0,0,1,22107.0,1,37.39772415161133,-120.13863372802734,2
2019,2019-08-19,930,8,2,9,1,N,A,N,A,H,A,J,48,S,21,G,Y,,,,B,N,N,D,1,1,0,0,22106.0,2,37.48680877685546,-119.96231079101562,4
2019,2019-09-05,800,9,3,8,4,N,A,Y,A,H,A,A,07,N,08,E,,,,,I,Y,N,D,1,0,0,0,22107.0,1,37.49369430541992,-119.97728729248048,2
2019,2019-09-07,1832,9,3,18,6,N,A,N,A,H,A,D,22,S,08,F,,,,,A,Y,N,D,2,0,0,0,22107.0,1,37.64407730102539,-120.31097412109376,4
2019,2019-09-08,1310,9,3,13,7,N,A,Y,A,H,A,A,07,N,08,F,,,,,A,Y,N,D,1,0,0,0,22107.0,1,37.50608825683594,-120.00628662109376,4
2019,2019-09-14,933,9,3,9,6,N,A,Y,A,H,A,C,02,N,08,F,,,Y,,A,Y,N,D,1,0,0,1,22107.0,1,37.67778778076172,-120.15985870361328,2
2019,2019-09-11,2155,9,3,21,3,N,A,Y,A,H,D,A,01,S,01,E,,,,,I,Y,N,D,1,0,0,0,23152.0,1,37.4620361328125,-119.94637298583984,3
2019,2019-09-15,1930,9,3,19,7,Y,A,Y,A,H,D,A,01,,08,C,,,,,C,Y,N,D,1,0,0,0,22100.0,2,37.40828704833984,-120.1265106201172,3
2019,2019-09-27,1425,9,3,14,5,N,A,Y,A,H,A,A,01,S,03,C,,,,,C,N,N,D,3,0,0,0,22350.0,2,37.46169662475586,-119.8804931640625,3
2019,2019-09-29,1820,9,3,18,7,N,A,N,A,H,B,A,01,S,08,E,,,,,I,Y,N,D,1,0,0,0,22107.0,1,37.51870727539063,-119.91748046875,4
2019,2019-10-03,1210,10,3,12,4,N,A,Y,A,H,A,A,07,E,03,C,,,,,C,Y,N,D,2,0,0,0,22350.0,3,37.48593521118164,-119.96636199951172,3
2019,2019-10-04,1220,10,3,12,5,N,A,N,A,H,A,A,07,W,10,G,Y,,,,B,N,N,D,1,1,0,0,21950.0,2,37.4929084777832,-119.97467041015624,2
2019,2019-10-08,1735,10,3,17,2,N,A,N,A,H,A,A,01,S,08,E,,,,,I,Y,N,D,1,0,0,0,22107.0,1,37.59360504150391,-120.30799102783205,4
2019,2019-09-13,1325,9,3,13,5,N,A,N,A,H,A,M,96,N,01,F,,,,,A,N,N,D,0,0,0,0,23152.0,1,37.447948455810554,-119.75433349609376,1
2019,2019-09-14,225,9,3,2,6,N,A,N,A,H,D,C,06,N,03,G,Y,,Y,,B,N,F,D,1,1,0,0,22350.0,2,37.585060119628906,-120.1463623046875,2
2019,2019-10-28,1320,10,3,13,1,N,A,Y,A,H,A,C,02,N,08,E,,,Y,,I,Y,N,D,1,0,0,1,22107.0,1,37.59887313842773,-120.12465667724608,2
2019,2019-10-30,1240,10,3,12,3,Y,A,Y,A,H,A,-,- ,,18,H,,,Y,,H,Y,N,D,1,0,0,1,,1,37.46022415161133,-119.94344329833984,4
2019,2019-10-31,2000,10,3,20,4,N,A,N,A,H,D,D,22,E,08,E,,,,,I,Y,N,D,1,0,0,0,22107.0,1,37.75440216064453,-120.11564636230467,3
2019,2019-11-06,452,11,3,4,3,N,A,N,A,H,A,A,07,N,08,E,,,,,I,Y,N,D,1,0,0,0,22107.0,1,37.57064056396485,-120.31748962402344,4
2019,2019-11-10,1310,11,3,13,7,N,A,Y,A,H,A,C,02,N,08,F,,,Y,,A,Y,N,D,2,0,0,2,22107.0,1,37.59357070922852,-120.12841796875,2
2019,2019-11-22,1345,11,3,13,5,N,A,N,A,H,A,A,07,S,01,E,,,,,I,Y,N,D,1,0,0,0,23152.0,1,37.72601318359375,-120.33192443847656,2
2019,2019-11-27,1820,11,3,18,3,N,B,N,C,H,D,A,01,N,03,E,,,,,I,Y,N,D,1,0,0,0,22350.0,1,37.49799728393555,-119.90872192382812,3
2019,2019-12-03,650,12,4,6,2,N,B,N,B,H,A,A,01,N,08,E,,,,,I,Y,N,D,2,0,0,0,22107.0,1,37.38481903076172,-119.9689712524414,4
2019,2019-12-01,1800,12,4,18,7,N,B,N,B,H,C,D,22,E,08,E,,,,,I,Y,N,D,1,0,0,0,22107.0,1,37.46482467651367,-119.88739776611328,3
2019,2019-12-05,1840,12,4,18,4,N,A,N,A,H,D,D,22,S,01,F,,,,,A,Y,N,D,1,0,0,0,23152.0,1,37.64373397827149,-120.3107681274414,3
2019,2019-12-09,725,12,4,7,1,N,B,Y,B,H,A,A,01,W,08,E,,,,,I,Y,N,A,1,0,0,0,22107.0,1,37.66307067871094,-119.87042999267578,2
2019,2019-12-15,2025,12,4,20,7,N,A,Y,A,H,D,A,07,S,08,E,,,,,I,Y,N,D,1,0,0,0,22107.0,1,37.46802520751953,-119.64513397216795,3
2019,2019-12-27,1036,12,4,10,5,N,A,Y,B,H,A,A,07,N,08,E,,,,,I,Y,N,D,1,0,0,0,22107.0,1,37.50718688964844,-119.63255310058594,3
2019,2019-12-01,1720,12,4,17,7,N,C,Y,B,H,D,A,07,E,01,F,,,,,A,Y,N,D,0,0,0,0,23152.0,1,37.6771354675293,-119.77300262451172,1
2020,2020-01-17,1020,1,4,10,5,N,A,N,C,H,A,A,01,S,03,E,,,,,I,Y,N,D,1,0,0,0,22350.0,1,37.52385330200195,-119.92053985595705,4
2020,2020-01-16,1445,1,4,14,4,N,D,N,B,A,A,-,- ,W,18,E,,,,,A,N,N,D,1,0,0,0,,1,37.45366668701172,-119.86734008789062,4
2020,2020-01-21,2225,1,4,22,2,N,B,N,A,H,D,D,22,E,01,E,,,,,I,Y,N,D,1,0,0,0,23152.0,1,37.506881713867195,-119.82228088378906,3
2020,2020-01-25,1010,1,4,10,6,N,B,N,A,H,A,A,07,E,08,F,,,,,A,Y,N,D,2,0,0,0,22107.0,1,37.467788696289055,-119.8823471069336,3
2020,2020-01-29,1838,1,4,18,3,N,A,Y,A,H,D,D,22,W,08,F,,,,,A,Y,N,D,1,0,0,0,22107.0,1,37.39488220214844,-120.14708709716795,4
2020,2020-01-31,119,1,4,1,5,N,A,N,A,H,D,D,22,,01,E,,,,,I,Y,N,D,1,0,0,0,23152.0,1,37.43022918701172,-119.88899230957033,4
2020,2020-02-02,1655,2,4,16,7,N,B,N,A,H,A,A,07,E,01,F,,,,,A,Y,N,D,1,0,0,0,23152.0,1,,,2
2020,2020-02-04,1010,2,4,10,2,N,A,Y,A,H,A,-,- ,W,18,H,,,,,A,Y,N,D,2,0,0,0,,1,37.48283767700195,-119.963623046875,4
2020,2020-02-05,2120,2,4,21,3,N,A,N,A,H,D,D,22,S,01,E,,,,,I,Y,N,D,1,0,0,0,23152.0,1,,,4
2020,2020-01-24,1615,1,4,16,5,N,A,N,A,H,A,C,02,S,01,F,,,Y,,A,N,N,D,1,0,0,1,23152.0,1,37.693389892578125,-120.30689239501952,2
2020,2020-02-17,1635,2,4,16,1,N,A,N,A,H,A,-,- ,W,18,H,,,Y,,A,N,N,D,1,0,0,1,,1,37.65349578857422,-120.3444366455078,2
2020,2020-02-23,1250,2,4,12,7,Y,A,Y,A,H,A,C,02,,03,C,,,Y,,C,Y,N,D,1,0,0,1,22350.0,2,37.73628616333008,-120.23040008544922,2
2020,2020-03-01,1644,3,1,16,7,N,A,N,A,H,A,A,07,W,08,E,,,,,I,Y,N,D,1,0,0,0,22107.0,1,37.63016128540039,-120.35508728027344,4
2020,2020-02-20,30,2,4,0,4,N,A,Y,A,H,D,A,07,E,08,E,,,,,I,N,M,D,1,0,0,0,22107.0,1,37.64386367797852,-120.37503814697266,3
2020,2020-03-16,1045,3,1,10,1,N,B,Y,C,H,A,A,07,S,03,C,Y,,,,C,N,N,D,1,1,0,0,22350.0,3,37.47089385986328,-119.64239501953124,4
2020,2020-03-16,1435,3,1,14,1,N,D,Y,B,H,A,A,01,N,08,F,,,,,A,Y,N,D,1,0,0,0,22107.0,1,37.51382827758789,-120.04885864257812,4
2020,2020-03-28,1320,3,1,13,6,N,A,Y,A,H,A,C,02,S,08,E,,,Y,,I,Y,N,D,1,0,0,1,22107.0,1,37.67720413208008,-120.15911865234376,3
2020,2020-04-04,2215,4,1,22,6,N,C,N,B,H,D,A,07,N,01,E,,,,,I,Y,N,D,1,0,0,0,23152.0,1,37.43934631347656,-119.86036682128906,3
2020,2020-04-04,1850,4,1,18,6,N,B,Y,B,H,A,A,07,W,08,F,,,,,A,Y,N,D,2,0,0,0,22107.0,1,37.70744323730469,-120.22592163085938,2
2020,2020-04-11,1835,4,1,18,6,Y,B,Y,A,H,A,C,02,,05,B,,,Y,,C,N,N,D,2,0,0,1,21460.0,2,37.46014022827149,-119.90102386474608,3
2020,2020-04-24,1810,4,1,18,5,N,A,Y,A,H,A,C,02,E,08,F,,,Y,,A,Y,N,D,1,0,0,1,22107.0,1,37.62276458740234,-119.95420837402344,4
2020,2020-05-07,1135,5,1,11,4,N,A,Y,A,H,A,C,02,S,05,F,,,Y,,A,Y,N,D,1,0,0,1,21460.0,1,37.680171966552734,-120.17153167724608,2
2020,2020-05-02,1215,5,1,12,6,N,A,Y,A,H,A,C,02,S,08,F,,,Y,,A,Y,N,D,1,0,0,1,22107.0,2,37.64363098144531,-120.14641571044922,2
2020,2020-05-07,520,5,1,5,4,N,A,N,A,H,B,A,01,N,08,F,,,,,A,N,N,D,1,0,0,0,22107.0,1,37.43982696533203,-119.8603057861328,3
2020,2020-05-11,1820,5,1,18,1,N,A,N,A,H,A,A,07,S,08,F,,,,,A,Y,N,D,1,0,0,0,22107.0,1,37.42593383789063,-119.85983276367188,3
2020,2020-05-10,1552,5,1,15,7,N,A,Y,A,H,A,A,07,W,01,E,,,,,I,Y,N,D,1,0,0,0,23152.0,1,37.70134735107422,-120.25658416748048,2
2020,2020-05-12,1857,5,1,18,2,N,A,N,A,H,A,A,01,E,05,B,,,,,C,Y,N,D,1,0,0,0,21460.0,2,37.44731903076172,-119.9387664794922,4
2020,2020-05-16,1445,5,1,14,6,N,A,Y,A,H,A,C,02,W,05,B,,,Y,,C,Y,N,D,1,0,0,1,21460.0,2,37.446487426757805,-120.07350158691406,2
2020,2020-05-22,1320,5,1,13,5,N,A,N,A,H,A,N,60,N,11,G,Y,,,,B,N,N,D,1,1,0,0,21954.0,2,37.70947647094727,-120.1130599975586,3
2020,2020-05-19,1530,5,1,15,2,N,C,Y,B,H,A,D,22,E,03,E,,,,,I,Y,N,D,2,0,0,0,22350.0,1,37.58566665649414,-119.96283721923828,4
2020,2020-05-25,1635,5,1,16,1,N,A,N,A,H,A,A,01,E,01,E,,,,,I,Y,N,D,1,0,0,0,23152.0,1,37.46446228027344,-119.7554931640625,3
2020,2020-05-25,1452,5,1,14,1,N,A,N,A,H,A,C,02,S,01,F,,,Y,,A,Y,N,D,1,0,0,1,23152.0,1,37.56623458862305,-120.32491302490234,2
2020,2020-06-11,1917,6,2,19,4,N,A,Y,A,H,A,D,22,W,01,E,,,,,I,Y,M,D,1,0,0,0,23152.0,1,37.478870391845696,-119.9836654663086,3
2020,2020-06-15,2255,6,2,22,1,N,A,N,A,H,D,C,06,N,08,F,,,Y,,A,Y,N,D,1,0,0,1,22107.0,1,37.51344299316406,-120.10459136962892,2
2020,2020-06-25,1650,6,2,16,4,N,A,Y,A,H,A,A,01,S,08,F,,,,,A,Y,N,A,1,0,0,0,22107.0,1,37.65357208251953,-120.15050506591795,3
2020,2020-06-23,1815,6,2,18,2,N,A,N,A,H,A,A,01,W,01,F,,,,,A,Y,N,D,2,0,0,0,23152.0,1,,,2
2020,2020-06-26,1330,6,2,13,5,N,A,Y,A,H,A,A,01,E,08,E,,,,,I,Y,N,D,1,0,0,0,22107.0,1,37.71360778808594,-120.31915283203124,3
2020,2020-06-27,1900,6,2,19,6,N,A,N,A,H,A,A,01,S,08,E,,,,,I,Y,N,D,1,0,0,0,22107.0,1,37.58789443969727,-120.30696105957033,4
2020,2020-06-27,1845,6,2,18,6,N,A,Y,A,H,A,C,02,S,03,H,,,Y,,A,N,N,D,1,0,0,1,22350.0,1,37.601409912109375,-120.13198089599608,3
2020,2020-07-03,1530,7,2,15,5,N,A,Y,A,H,A,D,22,S,05,F,,,Y,,A,Y,F,D,1,0,0,1,21460.0,2,37.68014144897461,-120.17153167724608,3
2020,2020-07-11,1055,7,2,10,6,N,A,N,A,H,A,D,22,S,08,E,,,,,I,Y,N,D,1,0,0,0,22107.0,1,37.42202377319336,-119.9612045288086,3
2020,2020-07-17,1340,7,2,13,5,Y,A,Y,A,H,A,A,01,,12,D,,,,,C,Y,N,A,3,0,0,0,22450.0,2,37.46388626098633,-119.88853454589844,3
2020,2020-07-24,515,7,2,5,5,N,A,Y,A,H,B,A,07,S,06,B,,,Y,,C,Y,N,D,2,0,0,1,21751.0,2,37.44781112670898,-119.75330352783205,2
2020,2020-08-01,1315,8,2,13,6,N,A,N,A,H,A,C,02,S,08,F,,,Y,,A,Y,N,D,1,0,0,1,22107.0,1,37.67768096923828,-120.1591339111328,4
2020,2020-08-05,1513,8,2,15,3,N,A,Y,A,H,A,A,07,W,01,F,,,,,A,Y,N,D,1,0,0,0,23152.0,1,37.70284652709961,-120.25035858154295,3
2020,2020-08-19,415,8,2,4,3,N,A,N,A,H,D,-,- ,S,18,H,,,Y,,H,N,N,D,1,0,0,1,,1,37.65848922729492,-120.3494110107422,3
2020,2020-08-23,1530,8,2,15,7,N,A,N,A,H,A,C,02,N,08,E,,,Y,,I,Y,N,D,1,0,0,1,22107.0,1,37.48380661010742,-120.05886840820312,2
2020,2020-09-01,1547,9,3,15,2,N,A,Y,A,H,A,C,02,E,08,F,,,Y,,A,N,N,D,1,0,0,1,22107.0,1,37.70036697387695,-120.27393341064452,3
2020,2020-09-02,1700,9,3,17,3,N,A,N,A,H,A,D,22,S,08,E,,,,,I,Y,N,D,1,0,0,0,22107.0,1,37.49205017089844,-120.03964996337892,3
2020,2020-09-20,1052,9,3,10,7,N,A,N,A,H,A,C,02,N,08,F,,,Y,,A,N,N,A,1,0,0,1,22107.0,1,,,3
2020,2020-09-19,1800,9,3,18,6,N,A,N,A,H,A,A,01,S,09,D,,,,,C,Y,N,D,2,0,0,0,21804.0,2,,,4
2020,2020-09-23,1102,9,3,11,3,N,A,Y,A,H,A,C,02,S,08,E,,,Y,,I,Y,N,D,1,0,0,1,22107.0,1,37.67840194702149,-120.16446685791016,2
2020,2020-09-26,100,9,3,1,6,N,A,N,A,H,D,C,02,W,08,F,,,Y,,A,Y,N,D,1,0,0,1,22107.0,1,37.50663757324219,-120.06178283691406,2
2020,2020-09-25,1520,9,3,15,5,N,A,N,A,H,A,C,02,N,08,E,,,Y,,I,N,N,D,1,0,0,1,22107.0,1,,,2
2020,2020-09-29,2030,9,3,20,2,N,A,Y,A,H,D,A,01,S,08,E,,,,,I,Y,N,D,1,0,0,0,22107.0,1,37.680278778076165,-120.17153167724608,3
2020,2020-10-04,1615,10,3,16,7,N,A,Y,A,H,A,A,01,E,08,E,,,,,I,Y,N,D,1,0,0,0,22107.0,1,37.51552963256836,-119.95821380615234,4
2020,2020-10-02,150,10,3,1,5,N,A,N,A,H,D,A,07,S,03,F,,,,,A,Y,N,D,1,0,0,0,22350.0,1,37.53572463989258,-120.01119232177734,4
2020,2020-10-06,1501,10,3,15,2,N,A,N,A,H,A,E,22,E,01,E,,,,,I,Y,N,D,1,0,0,0,23152.0,1,37.64591217041016,-120.32978057861328,2
2020,2020-10-09,1210,10,3,12,5,N,A,N,A,H,A,A,01,N,08,E,,,,,I,Y,N,D,1,0,0,0,22107.0,1,,,2
2020,2020-10-10,2325,10,3,23,6,N,A,N,A,H,D,A,01,N,08,E,,,,,I,Y,N,D,1,0,0,0,22107.0,1,37.485260009765625,-120.05583190917967,3
2020,2020-10-14,1240,10,3,12,3,N,A,Y,A,H,A,C,02,N,08,F,,,Y,,A,Y,N,D,1,0,0,1,22107.0,1,37.66975402832031,-119.8056411743164,3
2020,2020-10-05,2315,10,3,23,1,N,A,Y,A,H,D,A,08,S,08,F,,,,,A,Y,M,D,1,0,0,0,22107.0,1,37.446941375732415,-119.84748840332033,3
2020,2020-10-27,1945,10,3,19,2,N,A,Y,A,H,D,A,01,W,08,F,,,,,A,Y,N,D,1,0,0,0,22107.0,1,37.38100051879882,-120.16121673583984,3
2020,2020-10-28,2135,10,3,21,3,N,A,N,A,H,D,A,07,N,08,E,,,,,I,N,N,D,1,0,0,0,22107.0,1,,,3
2020,2020-10-31,230,10,3,2,6,N,A,Y,A,H,D,D,22,E,01,F,,,,,A,Y,N,D,1,0,0,0,23152.0,1,37.61954498291016,-119.95630645751952,3
2020,2020-10-29,1915,10,3,19,4,N,A,Y,A,H,D,-,- ,W,18,E,,,Y,,H,N,N,D,1,0,0,1,,1,37.672229766845696,-120.36628723144533,2
2020,2020-11-01,1400,11,3,14,7,N,A,Y,A,H,A,C,02,E,08,F,,,Y,,A,Y,N,D,1,0,0,1,22107.0,1,37.59897613525391,-119.95906066894533,2
2020,2020-11-03,300,11,3,3,2,N,A,Y,A,H,D,A,01,W,08,E,,,,,I,Y,N,D,1,0,0,0,22107.0,1,37.4818115234375,-120.02425384521484,3
2020,2020-11-07,1620,11,3,16,6,N,B,N,C,H,A,A,01,W,03,F,,,,,A,Y,N,D,2,0,0,0,22350.0,1,37.47168350219727,-119.87758636474608,4
2020,2020-11-07,829,11,3,8,6,N,B,N,B,H,A,A,01,N,08,E,,,,,I,Y,N,D,1,0,0,0,22107.0,1,37.6297264099121,-120.3079833984375,3
2020,2020-11-12,1447,11,3,14,4,N,A,Y,A,H,A,C,02,S,08,F,,,Y,,A,Y,N,A,1,0,0,1,22107.0,1,37.68809509277344,-120.1784439086914,2
2020,2020-11-12,1040,11,3,10,4,N,A,Y,A,H,A,C,02,S,08,F,,,Y,,A,Y,N,D,1,0,0,1,22107.0,1,37.68589019775391,-120.17694854736328,3
2020,2020-11-03,2120,11,3,21,2,N,A,N,A,H,D,A,01,S,01,F,,,,,A,Y,N,D,1,0,0,0,23152.0,1,37.54791259765625,-120.32618713378906,4
2020,2020-11-15,1036,11,3,10,7,N,A,Y,A,H,A,D,22,E,08,E,,,,,I,Y,N,D,1,0,0,0,22107.0,1,37.70555877685546,-120.25,2
2020,2020-11-15,1557,11,3,15,7,N,A,Y,A,H,A,A,07,N,01,G,Y,,,,B,N,N,D,1,1,0,0,23152.0,2,37.493011474609375,-119.97333526611328,2
2020,2020-11-18,900,11,3,9,3,N,C,N,B,H,A,F,24,W,03,F,,,,Y,A,Y,N,D,1,0,0,0,22350.0,1,37.564800262451165,-120.17060089111328,3
2020,2020-11-18,1300,11,3,13,3,N,C,Y,B,H,A,D,22,N,03,E,,,,,I,Y,N,D,1,0,0,0,22350.0,1,37.460235595703125,-119.94350433349608,3
2020,2020-11-06,845,11,3,8,5,N,B,Y,A,H,A,-,- ,S,18,H,,,,,A,N,N,D,1,0,0,0,,1,37.46000289916992,-119.93251037597656,3
2020,2020-12-14,550,12,4,5,1,N,A,N,B,H,D,A,07,E,08,E,,,,,I,Y,N,D,1,0,0,0,22107.0,1,37.46648025512695,-119.88431549072266,4
2020,2020-12-10,2000,12,4,20,4,N,A,N,A,H,D,D,22,S,08,E,,,,,I,Y,N,D,1,0,0,0,22107.0,1,37.482269287109375,-119.88701629638672,3
2020,2020-12-21,1525,12,4,15,1,Y,A,Y,A,H,A,C,02,,05,D,,,Y,,C,Y,N,D,2,0,0,1,21460.0,2,37.66843795776367,-120.36946868896484,2
2020,2020-12-23,30,12,4,0,3,N,A,N,A,H,D,A,07,S,08,E,,,,,I,Y,M,D,1,0,0,0,22107.0,1,37.715850830078125,-120.1931610107422,4
2020,2020-12-31,925,12,4,9,4,N,A,N,C,H,A,D,22,S,03,F,,,,,A,Y,N,D,1,0,0,0,22350.0,1,37.51469039916992,-119.83788299560548,4
2020,2020-10-23,2300,10,3,23,5,N,A,Y,A,H,D,D,22,S,01,E,,,,,I,Y,N,D,0,0,0,0,23152.0,1,37.45425796508789,-119.76750946044922,1
